분류|이름|주소|전화번호|대표사진주소
한식|고집돌우럭 중문점|제주특별자치도 서귀포시 일주서로 879 2층|064-738-1540|//t1.kakaocdn.net/thumb/T800x0.q80/?fname=http%3A%2F%2Ft1.kakaocdn.net%2Fmystore%2FB0D4F557A3F9468FB00BD6505C1622CA
해물,생선|색달식당 중문본점|제주특별자치도 서귀포시 색달중앙로 23|064-738-1741|//t1.kakaocdn.net/thumb/T800x0.q80/?fname=http%3A%2F%2Ft1.daumcdn.net%2Flocalad_thumb%2Ft%2F5665539e11c425acd55f06c7e3145b59b8a371f1
해물,생선|맛나식당|제주특별자치도 서귀포시 성산읍 동류암로 41|064-782-4771|//t1.kakaocdn.net/thumb/T800x0.q80/?fname=http%3A%2F%2Ft1.kakaocdn.net%2Ffiy_reboot%2Fplace%2F99C93605DEEA41DCA2A1410982D44ACA
회|미영이네식당|제주특별자치도 서귀포시 대정읍 하모항구로 42|064-792-0077|//t1.kakaocdn.net/thumb/T800x0.q80/?fname=http%3A%2F%2Ft1.daumcdn.net%2Fplace%2F5452E83D33614462BBC01F4D8A9F7AF6
해물,생선|춘심이네 본점|제주특별자치도 서귀포시 안덕면 창천중앙로24번길 16|064-794-4010|//t1.kakaocdn.net/thumb/T800x0.q80/?fname=http%3A%2F%2Ft1.daumcdn.net%2Flocalfiy%2F5A5FF692456249B19CC21AB3E7C90FD8
국수|가시아방국수|제주특별자치도 서귀포시 성산읍 섭지코지로 10 1층|064-783-0987|//t1.kakaocdn.net/thumb/T800x0.q80/?fname=http%3A%2F%2Ft1.daumcdn.net%2Fplace%2F1CDC152B50824BBE876645891AC1B64E
국수|수두리보말칼국수|제주특별자치도 서귀포시 천제연로 192 1층|064-739-1070|//t1.kakaocdn.net/thumb/T800x0.q80/?fname=http%3A%2F%2Ft1.kakaocdn.net%2Ffiy_reboot%2Fplace%2F479A60FC4D6C462FAD887B1935B2D3D9
한식|제주 오성 본점|제주특별자치도 서귀포시 중문관광로 27 2층|064-739-3120|//t1.kakaocdn.net/thumb/T800x0.q80/?fname=http%3A%2F%2Ft1.kakaocdn.net%2Fmystore%2F1726BA13B29C40BEA59783695DAFD5AD
회|쌍둥이횟집|제주특별자치도 서귀포시 중정로62번길 14|064-762-0478|
해물,생선|해왓|제주특별자치도 서귀포시 성산읍 신고로 30-1|064-782-5689|//t1.kakaocdn.net/thumb/T800x0.q80/?fname=http%3A%2F%2Ft1.kakaocdn.net%2Ffiy_reboot%2Fplace%2F01227283F6C543CEB676D27267429FCA
해물,생선|네거리식당|제주특별자치도 서귀포시 서문로29번길 20|064-762-5513|
국수|당케올레국수|제주특별자치도 서귀포시 표선면 민속해안로 584|064-787-4551|//t1.kakaocdn.net/thumb/T800x0.q80/?fname=http%3A%2F%2Ft1.daumcdn.net%2Fplace%2F429A732232444B94B867F900FA20D45B
해물,생선|갈치왕|제주특별자치도 서귀포시 일주서로 1146|064-739-9333|//t1.kakaocdn.net/thumb/T800x0.q80/?fname=http%3A%2F%2Ft1.daumcdn.net%2Flocalfiy%2FD89432249DBF4A4EB50B66D60F977A7A
육류,고기|돈이랑|제주특별자치도 서귀포시 일주서로 953|064-738-9277|//t1.kakaocdn.net/thumb/T800x0.q80/?fname=http%3A%2F%2Ft1.daumcdn.net%2Fplace%2F1E6AAF09F0EF4CC7AF17AEBE7E696F10
육류,고기|복자씨연탄구이|제주특별자치도 서귀포시 성산읍 해맞이해안로 2764|064-782-7330|//t1.kakaocdn.net/thumb/T800x0.q80/?fname=http%3A%2F%2Ft1.daumcdn.net%2Fplace%2F80123C10CEDA48B09E50E5FAA6C44E4C
육류,고기|큰돈가 중문점|제주특별자치도 서귀포시 천제연로 89|064-739-0722|
회|동해미락|제주특별자치도 서귀포시 칠십리로 133|064-733-5921|//t1.kakaocdn.net/thumb/T800x0.q80/?fname=http%3A%2F%2Ft1.daumcdn.net%2Flocalad_thumb%2Ft%2Fb6de1b299a81d744696c77ca9e417c79499770fc
회|부두식당|제주특별자치도 서귀포시 대정읍 하모항구로 62|064-794-1223|//t1.kakaocdn.net/thumb/T800x0.q80/?fname=http%3A%2F%2Ft1.daumcdn.net%2Flocalad_thumb%2Ft%2F88211ec4eb35e344141180198a029e3a093f10b7
한식|가시식당|제주특별자치도 서귀포시 표선면 가시로565번길 22|064-787-1035|//t1.kakaocdn.net/thumb/T800x0.q80/?fname=http%3A%2F%2Ft1.kakaocdn.net%2Ffiy_reboot%2Fplace%2F4FB6A8AA510D4CB5920DAC786F274782
육류,고기|천짓골식당|제주특별자치도 서귀포시 중앙로41번길 4|064-763-0399|//t1.kakaocdn.net/thumb/T800x0.q80/?fname=http%3A%2F%2Ft1.daumcdn.net%2Fplace%2FA0C263A6D31E46D9B7A09B57A4B8A448
육류,고기|칠돈가 중문점|제주특별자치도 서귀포시 중문관광로 8|064-738-1195|//t1.kakaocdn.net/thumb/T800x0.q80/?fname=http%3A%2F%2Ft1.daumcdn.net%2Flocalfiy%2F4AA1861EA15D4B7BAC5C47C52021D89B
불고기,두루치기|용이식당|제주특별자치도 서귀포시 중앙로79번길 9|064-732-7892|
국수|고씨네천지국수|제주특별자치도 서귀포시 중앙로79번길 4|064-764-0436|//t1.kakaocdn.net/thumb/T800x0.q80/?fname=http%3A%2F%2Ft1.daumcdn.net%2Flocalfiy%2F89CC717326064AD781F717ED73F19D32
회|자리돔횟집|제주특별자치도 서귀포시 동홍동로 7|064-733-1239|//t1.kakaocdn.net/thumb/T800x0.q80/?fname=http%3A%2F%2Ft1.daumcdn.net%2Fplace%2F269F3FB8916B48A78C9776BE18FF9222
육류,고기|뽈살집 제주본점|제주특별자치도 서귀포시 중정로91번길 37|064-763-6860|//t1.kakaocdn.net/thumb/T800x0.q80/?fname=http%3A%2F%2Ft1.daumcdn.net%2Fplace%2F4EDFB90CC23549C39FB23736DC4E77D8
육류,고기|난드르바당|제주특별자치도 서귀포시 하예하동로16번길 11-1|064-739-0053|//t1.kakaocdn.net/thumb/T800x0.q80/?fname=http%3A%2F%2Ft1.daumcdn.net%2Flocalfiy%2FB144C9B6CCE04F36B855652761B49A36
육류,고기|흑돼지BBQ|제주특별자치도 서귀포시 태평로353번길 4|064-762-1277|//t1.kakaocdn.net/thumb/T800x0.q80/?fname=http%3A%2F%2Ft1.daumcdn.net%2Flocalfiy%2F5E1DF914F2124A359650544792E40AA8
냉면|산방식당|제주특별자치도 서귀포시 대정읍 하모이삼로 62|064-794-2165|
국수|국수바다 본점|제주특별자치도 서귀포시 일주서로 982||//t1.kakaocdn.net/thumb/T800x0.q80/?fname=http%3A%2F%2Ft1.daumcdn.net%2Fcfile%2F2665D53455DBBAE509
해물,생선|삼보식당|제주특별자치도 서귀포시 중정로 25|064-762-3620|
해물,생선|대기정|제주특별자치도 서귀포시 이어도로 41|064-739-1041|//t1.kakaocdn.net/thumb/T800x0.q80/?fname=http%3A%2F%2Ft1.daumcdn.net%2Fplace%2F3248696385C84234922FC361E163A82B
육류,고기|큰돈가 본점 고기장|제주특별자치도 서귀포시 대정읍 형제해안로 296|064-794-0722|//t1.kakaocdn.net/thumb/T800x0.q80/?fname=http%3A%2F%2Ft1.daumcdn.net%2Fplace%2F62713D08B6374E38BF2672D82414606A
육류,고기|바다를본돼지 서귀포점|제주특별자치도 서귀포시 칠십리로 123 2층|064-900-1005|//t1.kakaocdn.net/thumb/T800x0.q80/?fname=http%3A%2F%2Ft1.daumcdn.net%2Fplace%2F0CDD11AD6A8D4954B4FE04BFDC1CD5C0
회|덕승식당|제주특별자치도 서귀포시 대정읍 하모항구로 66|064-794-0177|//t1.kakaocdn.net/thumb/T800x0.q80/?fname=http%3A%2F%2Ft1.daumcdn.net%2Fplace%2F5C94BE4F6E5A4AA79CE0B1DE108B59FE
회|공천포식당|제주특별자치도 서귀포시 남원읍 공천포로 89|064-767-2425|
육류,고기|봉순이네흑돼지|제주특별자치도 서귀포시 대정읍 영어도시로 64 1층|064-792-2030|//t1.kakaocdn.net/thumb/T800x0.q80/?fname=http%3A%2F%2Ft1.kakaocdn.net%2Ffiy_reboot%2Fplace%2F4EFC7377972B4491B354BF2C2E1DCB24
해장국|은희네해장국 서귀포점|제주특별자치도 서귀포시 516로 84|064-767-0039|//t1.kakaocdn.net/thumb/T800x0.q80/?fname=http%3A%2F%2Ft1.daumcdn.net%2Fplace%2F9AE557CAD4E7471C98B1DF0B522A1254
굴,전복|한라전복|제주특별자치도 서귀포시 대정읍 대한로 33 1층|064-792-1313|//t1.kakaocdn.net/thumb/T800x0.q80/?fname=http%3A%2F%2Ft1.kakaocdn.net%2Ffiy_reboot%2Fplace%2F57D3CC45EF0141F1BF4EC4A8476105E4
해물,생선|덤장 중문점|제주특별자치도 서귀포시 천제연로 17|064-738-2550|//t1.kakaocdn.net/thumb/T800x0.q80/?fname=http%3A%2F%2Ft1.daumcdn.net%2Fplace%2F42C41DC9085942449DBC1EF30E580598
쌈밥|고등어쌈밥|제주특별자치도 서귀포시 성산읍 섭지코지로25번길 122-5|064-783-4944|//t1.kakaocdn.net/thumb/T800x0.q80/?fname=http%3A%2F%2Ft1.daumcdn.net%2Fplace%2F9BF2C7295903467C9FEAC4A1A646709C
해물,생선|순천미향|제주특별자치도 서귀포시 안덕면 사계남로216번길 24-73|064-792-2004|//t1.kakaocdn.net/thumb/T800x0.q80/?fname=http%3A%2F%2Ft1.daumcdn.net%2Fplace%2F4DD48557FE964DDBA88422DD732DDDCC
한식|중문흑돼지천국|제주특별자치도 서귀포시 이어도로 137|064-739-9036|//t1.kakaocdn.net/thumb/T800x0.q80/?fname=http%3A%2F%2Ft1.kakaocdn.net%2Fmystore%2F18A73954E738450F887DE4B6E7F91B53
육류,고기|하원가흑돼지|제주특별자치도 서귀포시 이어도로 278|064-735-9507|//t1.kakaocdn.net/thumb/T800x0.q80/?fname=http%3A%2F%2Ft1.daumcdn.net%2Flocalad_thumb%2Ft%2F7a8af73d1376b03a1952990a8659bc3d578dbc6c
국수|제주한라국수|제주특별자치도 서귀포시 천제연로188번길 17|064-738-6392|//t1.kakaocdn.net/thumb/T800x0.q80/?fname=http%3A%2F%2Ft1.daumcdn.net%2Fplace%2F023E176B70E148FC9563A57C23305EC0
한식|경미네집|제주특별자치도 서귀포시 성산읍 일출로 259|064-782-2671|//t1.kakaocdn.net/thumb/T800x0.q80/?fname=http%3A%2F%2Ft1.kakaocdn.net%2Fmystore%2F662014E80B114563BBE7F61FF2752F65
한식|돌집식당|제주특별자치도 서귀포시 표선면 서성일로 23|064-787-3720|//t1.kakaocdn.net/thumb/T800x0.q80/?fname=http%3A%2F%2Ft1.daumcdn.net%2Flocalfiy%2FCC9DE00ACF7B42269C9448EF215E481B
설렁탕|오가네전복설렁탕 서귀포본점|제주특별자치도 서귀포시 중산간동로 7738|064-738-9295|//t1.kakaocdn.net/thumb/T800x0.q80/?fname=http%3A%2F%2Ft1.kakaocdn.net%2Ffiy_reboot%2Fplace%2FC41653F87D5242A5B905B8D5DCE86B7E
육류,고기|금박돈|제주특별자치도 서귀포시 성산읍 일출로 261 1층|064-784-8808|//t1.kakaocdn.net/thumb/T800x0.q80/?fname=http%3A%2F%2Ft1.kakaocdn.net%2Ffiy_reboot%2Fplace%2F35B41C4B983045CCB4102EE9BEF1E20E
국수|옥돔식당|제주특별자치도 서귀포시 대정읍 신영로36번길 62|064-794-8833|
회|남양수산|제주특별자치도 서귀포시 성산읍 고성동서로56번길 11|064-782-6618|//t1.kakaocdn.net/thumb/T800x0.q80/?fname=http%3A%2F%2Ft1.daumcdn.net%2Fplace%2F359203F419B149158C86B1E678EF4430
육류,고기|돈사돈 중문점|제주특별자치도 서귀포시 천제연로 264-1|064-739-9592|//t1.kakaocdn.net/thumb/T800x0.q80/?fname=http%3A%2F%2Ft1.daumcdn.net%2Fplace%2F2882466BCF7647F69C542FB640A6C828
회|우정회센타|제주특별자치도 서귀포시 중앙로54번길 32|064-733-8522|//t1.kakaocdn.net/thumb/T800x0.q80/?fname=http%3A%2F%2Ft1.daumcdn.net%2Fcfile%2F184D3A434DF18BF904
한식|산방산초가집|제주특별자치도 서귀포시 안덕면 화순해안로 189|064-792-0688|//t1.kakaocdn.net/thumb/T800x0.q80/?fname=http%3A%2F%2Ft1.kakaocdn.net%2Fmystore%2F9A9F60664BB848B788E99A3DF86A8F2B
육류,고기|칠돈가 서광직영점|제주특별자치도 서귀포시 안덕면 서광사수동로20번길 27 1층|064-794-6777|
해물,생선|코코마마 성산점|제주특별자치도 서귀포시 성산읍 일출로 258-11|064-782-5569|
굴,전복|오조해녀의집|제주특별자치도 서귀포시 성산읍 한도로 141-13||
해물,생선|부촌식당|제주특별자치도 서귀포시 성산읍 동류암로 33|064-784-0149|//t1.kakaocdn.net/thumb/T800x0.q80/?fname=http%3A%2F%2Ft1.daumcdn.net%2Fplace%2FD41C09F2B1064EFBBC0A41FE7C6B7928
회|만선식당|제주특별자치도 서귀포시 대정읍 하모항구로 44|064-794-6300|
한식|가람돌솥밥|제주특별자치도 서귀포시 중문관광로 332|064-738-1200|//t1.kakaocdn.net/thumb/T800x0.q80/?fname=http%3A%2F%2Ft1.daumcdn.net%2Fplace%2FDB4E52943EC54F9D88B71AC83F32B7FE
육류,고기|칠돈가 성산직영점|제주특별자치도 서귀포시 성산읍 한도로 80|064-784-7797|//t1.kakaocdn.net/thumb/T800x0.q80/?fname=http%3A%2F%2Ft1.daumcdn.net%2Fplace%2FD3853F6FC574431CBDC4813743C7EA1D
육류,고기|만덕이네|제주특별자치도 서귀포시 표선면 서성일로 16|064-787-3827|//t1.kakaocdn.net/thumb/T800x0.q80/?fname=http%3A%2F%2Ft1.daumcdn.net%2Fplace%2F71D302FC512249A8A1D4DD9CF760F5E8
한식|춘미향식당|제주특별자치도 서귀포시 안덕면 산방로 378|064-794-5558|//t1.kakaocdn.net/thumb/T800x0.q80/?fname=http%3A%2F%2Ft1.daumcdn.net%2Fplace%2F1BCEABAD8B7E400B869AE9E404B68412
한식|돈블랙 서귀포본점|제주특별자치도 서귀포시 서호남로32번길 24|010-3957-6965|//t1.kakaocdn.net/thumb/T800x0.q80/?fname=http%3A%2F%2Ft1.kakaocdn.net%2Fmystore%2F225566C34C474A8C82D11B0DA64496A0
회|남경미락|제주특별자치도 서귀포시 안덕면 사계남로 190-7|064-794-0055|//t1.kakaocdn.net/thumb/T800x0.q80/?fname=http%3A%2F%2Ft1.daumcdn.net%2Fplace%2F2F8E928018E643B496253446E70C3D48
육류,고기|제주곰집|제주특별자치도 서귀포시 이어도로 703-4|064-739-6002|//t1.kakaocdn.net/thumb/T800x0.q80/?fname=http%3A%2F%2Ft1.kakaocdn.net%2Ffiy_reboot%2Fplace%2FF254361ED11C403DB9A7E361C17D309A
한식|그리운바다 성산포|제주특별자치도 서귀포시 성산읍 성산등용로 94|064-784-2128|//t1.kakaocdn.net/thumb/T800x0.q80/?fname=http%3A%2F%2Ft1.kakaocdn.net%2Fmystore%2FC77251A1F61A4F8EB03DD4B329037EC0
죽|시흥해녀의집|제주특별자치도 서귀포시 성산읍 시흥하동로 114||//t1.kakaocdn.net/thumb/T800x0.q80/?fname=http%3A%2F%2Ft1.kakaocdn.net%2Ffiy_reboot%2Fplace%2FD44D33585BA642018188D09C56F1F91C
해물,생선|올레왕갈치|제주특별자치도 서귀포시 중앙로42번길 9 1층|064-732-2022|//t1.kakaocdn.net/thumb/T800x0.q80/?fname=http%3A%2F%2Ft1.daumcdn.net%2Fplace%2FA60F1E1869B14B3E9BAAABCABA21C24F
회|제일수산횟집|제주특별자치도 서귀포시 중앙로79번길 8|064-767-4838|//t1.kakaocdn.net/thumb/T800x0.q80/?fname=http%3A%2F%2Ft1.daumcdn.net%2Fplace%2F28FB61329A044F7D87570BD4DC63584B
국수|해월정 서귀포점|제주특별자치도 서귀포시 안덕면 일주서로 1355|064-792-5664|//t1.kakaocdn.net/thumb/T800x0.q80/?fname=http%3A%2F%2Ft1.kakaocdn.net%2Ffiy_reboot%2Fplace%2FE229DBB0AD1B4854A6286216DFB4FEAD
육류,고기|섬돼지|제주특별자치도 서귀포시 신동로 25|064-738-7505|//t1.kakaocdn.net/thumb/T800x0.q80/?fname=http%3A%2F%2Ft1.daumcdn.net%2Flocalfiy%2F62411A426A7D4D5098AA8E06D4524BA4
회|중문회포장센터 새벽야시장|제주특별자치도 서귀포시 중문관광로 293|064-733-3416|//t1.kakaocdn.net/thumb/T800x0.q80/?fname=http%3A%2F%2Ft1.daumcdn.net%2Flocalfiy%2F9038EF66EA314B2FA194385C8E6C911D
육류,고기|숙성도 중문점|제주특별자치도 서귀포시 일주서로 966|064-739-5213|//t1.kakaocdn.net/thumb/T800x0.q80/?fname=http%3A%2F%2Ft1.daumcdn.net%2Fplace%2FEA8BA728BB4447B38FF52A152E234FC9
해물,생선|기억나는집|제주특별자치도 서귀포시 중앙로 6|064-733-8500|
굴,전복|한라전복|제주특별자치도 서귀포시 성산읍 해맞이해안로 2732|064-782-5190|//t1.kakaocdn.net/thumb/T800x0.q80/?fname=http%3A%2F%2Ft1.daumcdn.net%2Fplace%2F2CF181B78E524BAF8ACDC1759FF2461A
회|고미|제주특별자치도 서귀포시 서문로 46|064-732-8501|
한식|김부자식당|제주특별자치도 서귀포시 보목포로 45|064-732-5844|//t1.kakaocdn.net/thumb/T800x0.q80/?fname=http%3A%2F%2Ft1.kakaocdn.net%2Ffiy_reboot%2Fplace%2F67E3628E4A934D03AD3C4C4C000F8FFD
육류,고기|기운네흑돼지|제주특별자치도 서귀포시 서문로29번길 6|064-733-4025|//t1.kakaocdn.net/thumb/T800x0.q80/?fname=http%3A%2F%2Ft1.daumcdn.net%2Fcfile%2F2477DC3B55D42E380A
육류,고기|문치비 본점|제주특별자치도 서귀포시 신서로32번길 14|064-739-2560|//t1.kakaocdn.net/thumb/T800x0.q80/?fname=http%3A%2F%2Ft1.daumcdn.net%2Fcfile%2F2518904E549777C32C
육류,고기|칠돈가 표선직영점|제주특별자치도 서귀포시 표선면 표선당포로 13-1|064-787-9275|//t1.kakaocdn.net/thumb/T800x0.q80/?fname=http%3A%2F%2Ft1.daumcdn.net%2Fplace%2FE65B46F77E524C68AAB929880DCC2787
갈비|해심가든|제주특별자치도 서귀포시 천제연로 203-4|064-738-2820|//t1.kakaocdn.net/thumb/T800x0.q80/?fname=http%3A%2F%2Ft1.daumcdn.net%2Fplace%2F71A2CF7DCA9A417C8F61AA1558081B0E
해물,생선|형제도식당 본점|제주특별자치도 서귀포시 일주서로 915|064-792-3401|//t1.kakaocdn.net/thumb/T800x0.q80/?fname=http%3A%2F%2Ft1.daumcdn.net%2Fplace%2F8B8DC20EABFE49528B84FA7996F7F5A9
회|어멍횟집|제주특별자치도 서귀포시 성산읍 일출로 29|064-783-1177|//t1.kakaocdn.net/thumb/T800x0.q80/?fname=http%3A%2F%2Ft1.daumcdn.net%2Fplace%2F47E3DFB49FAA4687A981A9DC03BD6192
국수|솔동산고기국수|제주특별자치도 서귀포시 부두로 23|064-733-5353|//t1.kakaocdn.net/thumb/T800x0.q80/?fname=http%3A%2F%2Ft1.daumcdn.net%2Fplace%2F9851774BA8DB41D694B83A8E145B8AD9
육류,고기|성읍칠십리식당|제주특별자치도 서귀포시 표선면 성읍정의현로 74|064-787-0911|//t1.kakaocdn.net/thumb/T800x0.q80/?fname=http%3A%2F%2Ft1.kakaocdn.net%2Ffiy_reboot%2Fplace%2F6C4DA5925B844BE6B1F91D7FFA702F88
한식|만족한상회|제주특별자치도 서귀포시 중문상로 58-5 1층|064-763-1388|//t1.kakaocdn.net/thumb/T800x0.q80/?fname=http%3A%2F%2Ft1.daumcdn.net%2Flocalad_thumb%2Ft%2F5d9f7d2b2c85a02c7d115080045621829e499543
한식|복돼지식당|제주특별자치도 서귀포시 표선면 서성일로 63||//t1.kakaocdn.net/thumb/T800x0.q80/?fname=http%3A%2F%2Ft1.daumcdn.net%2Fplace%2FB83F0DCCD9634AB59EF69D88A451CA4C
육류,고기|커큐민흑돼지|제주특별자치도 서귀포시 성산읍 일출로 84|064-784-5671|//t1.kakaocdn.net/thumb/T800x0.q80/?fname=http%3A%2F%2Ft1.daumcdn.net%2Fplace%2F6B7CDFD5DFB74DEBB0EA7541F6A83428
해물,생선|올레삼다정|제주특별자치도 서귀포시 태평로537번길 48|064-732-7230|//t1.kakaocdn.net/thumb/T800x0.q80/?fname=http%3A%2F%2Ft1.kakaocdn.net%2Ffiy_reboot%2Fplace%2F55DD27F72D3B4F98A409A529E42558A6
육류,고기|까망돼지 서귀포점|제주특별자치도 서귀포시 일주동로 8524|064-732-6542|//t1.kakaocdn.net/thumb/T800x0.q80/?fname=http%3A%2F%2Ft1.daumcdn.net%2Fplace%2FAC1858E98E544BA78C4C75436A1A8743
해장국|은희네해장국|제주특별자치도 서귀포시 중문관광로 348||//t1.kakaocdn.net/thumb/T800x0.q80/?fname=http%3A%2F%2Ft1.daumcdn.net%2Fplace%2F9100AC9BBA0744DA9F8877D6DCCF8770
회|어조횟집|제주특별자치도 서귀포시 성산읍 일출로 233|0507-1464-4012|//t1.kakaocdn.net/thumb/T800x0.q80/?fname=http%3A%2F%2Ft1.daumcdn.net%2Flocalfiy%2F0468F127A8504741ADBD1744A0D40D8E
육류,고기|신우성흑돼지|제주특별자치도 서귀포시 중문관광로72번길 29-9|064-738-7830|//t1.kakaocdn.net/thumb/T800x0.q80/?fname=http%3A%2F%2Ft1.daumcdn.net%2Fplace%2F48D38C82F2974A0C9ECF33221B4FFF36
국수|제주선채향|제주특별자치도 서귀포시 안덕면 사계남로84번길 6|064-794-7177|//t1.kakaocdn.net/thumb/T800x0.q80/?fname=http%3A%2F%2Ft1.daumcdn.net%2Flocalfiy%2F49A6C7FF0BB54E9F92B9310D948528D5
육류,고기|새벽숯불가든|제주특별자치도 서귀포시 성산읍 일주동로 4036|064-783-9589|//t1.kakaocdn.net/thumb/T800x0.q80/?fname=http%3A%2F%2Ft1.kakaocdn.net%2Ffiy_reboot%2Fplace%2F073D576923E54A359C926E81C5237C60
육류,고기|알동네집 화순점|제주특별자치도 서귀포시 안덕면 화순로 6 1층|064-792-0828|//t1.kakaocdn.net/thumb/T800x0.q80/?fname=http%3A%2F%2Ft1.daumcdn.net%2Fplace%2FD4C134E31F744A9889BBB74ABDA38BE2
국수|거멍국수|제주특별자치도 서귀포시 안덕면 사계로114번길 53-14 1층|064-792-8787|//t1.kakaocdn.net/thumb/T800x0.q80/?fname=http%3A%2F%2Ft1.daumcdn.net%2Fcfile%2F2679A24A55ADD99501
육류,고기|청춘괴기|제주특별자치도 서귀포시 김정문화로41번길 24-5 1층|064-739-2272|//t1.kakaocdn.net/thumb/T800x0.q80/?fname=http%3A%2F%2Ft1.daumcdn.net%2Fplace%2F3DD5824BF1024D678FC2DA733F3BD538
국수|앙끄레국수|제주특별자치도 서귀포시 법환상로2번길 97-18|064-739-2999|//t1.kakaocdn.net/thumb/T800x0.q80/?fname=http%3A%2F%2Ft1.kakaocdn.net%2Ffiy_reboot%2Fplace%2FDC4170C300344354B383FF6CC2C237EF
한식|낭쿰낭쿰|제주특별자치도 서귀포시 중앙로79번길 4 1층 낭쿰낭쿰|064-901-7944|//t1.kakaocdn.net/thumb/T800x0.q80/?fname=http%3A%2F%2Ft1.kakaocdn.net%2Fmystore%2F96AB42A1073B43BD88A25B9D2CCD538B
육류,고기|목포고을|제주특별자치도 서귀포시 일주서로 968-5|064-738-5551|
한식|꽃가람|제주특별자치도 서귀포시 성산읍 고성동서로 73|064-783-3939|//t1.kakaocdn.net/thumb/T800x0.q80/?fname=http%3A%2F%2Ft1.daumcdn.net%2Fplace%2F805CCC7E8F064AA3A9DEFF9136B5FEDC
국수|서광보말칼국수|제주특별자치도 서귀포시 안덕면 서광리 716-1|064-794-9346|//t1.kakaocdn.net/thumb/T800x0.q80/?fname=http%3A%2F%2Ft1.daumcdn.net%2Fplace%2F3588B7C073D44D87B5230E5D8108729C
해장국|맨도롱 해장국|제주특별자치도 서귀포시 태평로353번길 11|064-733-2402|//t1.kakaocdn.net/thumb/T800x0.q80/?fname=http%3A%2F%2Ft1.daumcdn.net%2Fplace%2FB6F4EDFDE601430B94168629DA253E3D
한식|가스름식당|제주특별자치도 서귀포시 표선면 가시로565번길 19|064-787-1163|//t1.kakaocdn.net/thumb/T800x0.q80/?fname=http%3A%2F%2Ft1.daumcdn.net%2Fplace%2F6C45915D513B464992BB483675DD3563
굴,전복|제주명가두루치기|제주특별자치도 서귀포시 태평로 495|064-763-2272|//t1.kakaocdn.net/thumb/T800x0.q80/?fname=http%3A%2F%2Ft1.daumcdn.net%2Fcfile%2F23152F375656C6FB2F
육류,고기|돈이랑 성산점|제주특별자치도 서귀포시 성산읍 일출로 30|064-783-9266|//t1.kakaocdn.net/thumb/T800x0.q80/?fname=http%3A%2F%2Ft1.daumcdn.net%2Fplace%2FCAC385A2585E4C328FE40411612FFB35
한식|중앙식당|제주특별자치도 서귀포시 안덕면 화순로 108|064-794-9167|
육류,고기|중문그때그집|제주특별자치도 서귀포시 상예로 181-28|064-784-9244|//t1.kakaocdn.net/thumb/T800x0.q80/?fname=http%3A%2F%2Ft1.daumcdn.net%2Fplace%2F42ED3B371356400B8E3184A158D3C14A
굴,전복|다도|제주특별자치도 서귀포시 이어도로 866-29|010-3426-5969|//t1.kakaocdn.net/thumb/T800x0.q80/?fname=http%3A%2F%2Ft1.daumcdn.net%2Fplace%2F6F70570DC06E489A856417529E54982B
회|나원회포차|제주특별자치도 서귀포시 동문동로 4|064-762-7878|//t1.kakaocdn.net/thumb/T800x0.q80/?fname=http%3A%2F%2Ft1.daumcdn.net%2Fplace%2FE6D1184B16074F25BE8A853A809F691C
육류,고기|중문신라원|제주특별자치도 서귀포시 천제연로 107|064-739-7920|//t1.kakaocdn.net/thumb/T800x0.q80/?fname=http%3A%2F%2Ft1.daumcdn.net%2Flocalad_thumb%2Ft%2F0a46656556a741062f6f184b0f9174fcdefce179
한식|안거리밖거리|제주특별자치도 서귀포시 솔동산로 6-1|064-763-2552|
한식|한라산아래첫마을 영농조합법인|제주특별자치도 서귀포시 안덕면 산록남로 675|064-792-8245|//t1.kakaocdn.net/thumb/T800x0.q80/?fname=http%3A%2F%2Ft1.daumcdn.net%2Flocalfiy%2F0F758A0704B14185B3971E3D8F810C61
회|동성수산횟집|제주특별자치도 서귀포시 대정읍 최남단해안로 46|064-794-7034|//t1.kakaocdn.net/thumb/T800x0.q80/?fname=http%3A%2F%2Ft1.daumcdn.net%2Fplace%2F0B82E6CDE14A4DD4BA913C9CEB447D77
한식|섭지코지해녀밥상|제주특별자치도 서귀포시 성산읍 신양로122번길 60-6|064-782-4705|//t1.kakaocdn.net/thumb/T800x0.q80/?fname=http%3A%2F%2Ft1.daumcdn.net%2Fplace%2FBE6726CD12F4491AAE43537BEE980D48
육류,고기|흑돼지패밀리|제주특별자치도 서귀포시 남원읍 중산간동로 6924|010-6661-8292|
해물,생선|올레마당|제주특별자치도 서귀포시 안덕면 사계남로 224|064-792-7881|//t1.kakaocdn.net/thumb/T800x0.q80/?fname=http%3A%2F%2Ft1.daumcdn.net%2Fplace%2F62D024A645A747E58D52A92A2AF679C8
해물,생선|산포식당|제주특별자치도 서귀포시 성산읍 서성일로 1134|064-782-2023|//t1.kakaocdn.net/thumb/T800x0.q80/?fname=http%3A%2F%2Ft1.kakaocdn.net%2Ffiy_reboot%2Fplace%2FB2CD6F6131F24D079A6E417A6ED41ACA
회|해미원횟집|제주특별자치도 서귀포시 표선면 민속해안로 578-2|064-787-3311|
해물,생선|중문해녀의집|제주특별자치도 서귀포시 중문관광로 192|064-738-9557|
한정식|동도원|제주특별자치도 서귀포시 이어도로 189|064-738-2201|//t1.kakaocdn.net/thumb/T800x0.q80/?fname=http%3A%2F%2Ft1.kakaocdn.net%2Fmystore%2FCF6A46966E8740688D6C53E872339E2F
육류,고기|모메든식당 중문점|제주특별자치도 서귀포시 일주서로 508|064-739-8205|
국수|성산고궁보말손칼국수|제주특별자치도 서귀포시 성산읍 성산중앙로 54|064-782-8199|//t1.kakaocdn.net/thumb/T800x0.q80/?fname=http%3A%2F%2Ft1.daumcdn.net%2Flocalfiy%2F7D56CBCEDD894C9CA1C5FCB764B87E60
육류,고기|웅담식당|제주특별자치도 서귀포시 중앙로59번길 5|064-762-6442|
회|3대해녀의집|제주특별자치도 서귀포시 성산읍 환해장성로 583-5|064-784-4886|//t1.kakaocdn.net/thumb/T800x0.q80/?fname=http%3A%2F%2Ft1.daumcdn.net%2Fplace%2F105D6DBAC691464C932D23DDEF4B5258
회|영빈횟집|제주특별자치도 서귀포시 칠십리로 129|064-732-3489|//t1.kakaocdn.net/thumb/T800x0.q80/?fname=http%3A%2F%2Ft1.daumcdn.net%2Fplace%2F9DE96C772B224081BD65EC35724DBE02
한식|성산일출봉 청운식당|제주특별자치도 서귀포시 성산읍 일출로 285 1층|064-782-3912|//t1.kakaocdn.net/thumb/T800x0.q80/?fname=http%3A%2F%2Ft1.daumcdn.net%2Fcfile%2F19309F425014F4410C
한식|정이가네|제주특별자치도 서귀포시 신동로27번길 23 1층|064-739-9868|
육류,고기|꽃돼지연탄구이|제주특별자치도 서귀포시 이어도로 227|064-738-0018|//t1.kakaocdn.net/thumb/T800x0.q80/?fname=http%3A%2F%2Ft1.daumcdn.net%2Fcfile%2F134D02414E72A5131F
한식|대우정|제주특별자치도 서귀포시 이어도로 866-37|064-733-0137|//t1.kakaocdn.net/thumb/T800x0.q80/?fname=http%3A%2F%2Ft1.daumcdn.net%2Flocalfiy%2FCB26301EFEC840938AD965077EB57A33
육류,고기|천돈가|제주특별자치도 서귀포시 일주서로 873 1층|064-738-7889|//t1.kakaocdn.net/thumb/T800x0.q80/?fname=http%3A%2F%2Ft1.daumcdn.net%2Flocalfiy%2FCD4B7E90F8DA4500BCFDACF2CE3C073E
삼겹살|삼미흑돼지 중문점|제주특별자치도 서귀포시 색달중앙로 33|064-739-9392|//t1.kakaocdn.net/thumb/T800x0.q80/?fname=http%3A%2F%2Ft1.kakaocdn.net%2Fmystore%2F1231FEA3CB644B59A85D6C6E9F32CDE6
굴,전복|착한전복 제주중문점|제주특별자치도 서귀포시 천제연로 119|064-738-8455|//t1.kakaocdn.net/thumb/T800x0.q80/?fname=http%3A%2F%2Ft1.daumcdn.net%2Flocalfiy%2FC65F715D997340848845ECA65255E592
한식|수희식당|제주특별자치도 서귀포시 태평로 377|064-762-0777|
육류,고기|제주진미마돈가|제주특별자치도 서귀포시 안덕면 대평감산로 17|064-738-2346|//t1.kakaocdn.net/thumb/T800x0.q80/?fname=http%3A%2F%2Ft1.daumcdn.net%2Fplace%2F57245C85EDD746AEA288F9A3F1365BF2
육류,고기|성산흑돼지두루치기|제주특별자치도 서귀포시 성산읍 한도로 255|064-782-9295|//t1.kakaocdn.net/thumb/T800x0.q80/?fname=http%3A%2F%2Ft1.daumcdn.net%2Fcfile%2F2747E142563AB89A32
해물,생선|수눌음|제주특별자치도 서귀포시 대정읍 하모항구로 50|064-794-0025|//t1.kakaocdn.net/thumb/T800x0.q80/?fname=http%3A%2F%2Ft1.daumcdn.net%2Fcfile%2F270D05415588DFC019
회|신산포구 자연산횟집|제주특별자치도 서귀포시 성산읍 환해장성로111번길 4|064-784-0853|
한식|미도식당|제주특별자치도 서귀포시 안덕면 사계남로216번길 11|064-794-6700|//t1.kakaocdn.net/thumb/T800x0.q80/?fname=http%3A%2F%2Ft1.daumcdn.net%2Fplace%2F174C4FEA91D64A15AA7751ED77F5450C
삼겹살|까망돼지 중문점|제주특별자치도 서귀포시 색달중앙로 21 1층|064-738-6543|//t1.kakaocdn.net/thumb/T800x0.q80/?fname=http%3A%2F%2Ft1.daumcdn.net%2Fplace%2FB40335E5095A4A3CB693079C7C11FEF5
육류,고기|대윤흑돼지|제주특별자치도 서귀포시 서문로 23|064-732-2953|//t1.kakaocdn.net/thumb/T800x0.q80/?fname=http%3A%2F%2Ft1.daumcdn.net%2Fplace%2F2F79A96D6D59434B96C3BE5EA2D6408A
해물,생선|중문색달통갈치|제주특별자치도 서귀포시 일주서로 993|064-738-2088|//t1.kakaocdn.net/thumb/T800x0.q80/?fname=http%3A%2F%2Ft1.kakaocdn.net%2Ffiy_reboot%2Fplace%2F85B678842FF140D3BA25FABE5B04BBA5
해물,생선|진주식당|제주특별자치도 서귀포시 태평로 353|064-762-5158|//t1.kakaocdn.net/thumb/T800x0.q80/?fname=http%3A%2F%2Ft1.kakaocdn.net%2Ffiy_reboot%2Fplace%2F2EB71DAC65A34C2F882952A0DE9DE1F6
해물,생선|식과함께|제주특별자치도 서귀포시 안덕면 화순로142번길 11-9|064-900-9745|//t1.kakaocdn.net/thumb/T800x0.q80/?fname=http%3A%2F%2Ft1.daumcdn.net%2Fplace%2F54E03A6D3B4D4679811BD8B98FF1D89C
육류,고기|마우돈|제주특별자치도 서귀포시 성산읍 서성일로 1240|064-782-7892|//t1.kakaocdn.net/thumb/T800x0.q80/?fname=http%3A%2F%2Ft1.daumcdn.net%2Flocalfiy%2FBE7EFFF3D0CC4CF0B27B9443DD8CBC97
한식|순덕이네해산물장터|제주특별자치도 서귀포시 성산읍 온평서로 48|064-784-0073|//t1.kakaocdn.net/thumb/T800x0.q80/?fname=http%3A%2F%2Ft1.daumcdn.net%2Flocalfiy%2FA39F9EA285BB45418A84045E858A6D83
해장국|미풍해장국 서귀포점|제주특별자치도 서귀포시 동홍로12번길 3|064-732-1008|//t1.kakaocdn.net/thumb/T800x0.q80/?fname=http%3A%2F%2Ft1.daumcdn.net%2Fplace%2F5B7677C103BB49B6824891721C7FCFB3
회|사계바다|제주특별자치도 서귀포시 안덕면 형제해안로 26|064-794-5501|//t1.kakaocdn.net/thumb/T800x0.q80/?fname=http%3A%2F%2Ft1.daumcdn.net%2Fcfile%2F203EFC33511D8BCE2B
회|일송회수산|제주특별자치도 서귀포시 남원읍 위미중앙로196번길 13|064-764-0094|//t1.kakaocdn.net/thumb/T800x0.q80/?fname=http%3A%2F%2Ft1.daumcdn.net%2Fcfile%2F2124333B513990CA09
회|돈지식당|제주특별자치도 서귀포시 대정읍 하모항구로 60|064-794-8465|//t1.kakaocdn.net/thumb/T800x0.q80/?fname=http%3A%2F%2Ft1.daumcdn.net%2Flocalfiy%2F9AF0ADB55EEC498AAE04725EED840360
해장국|미향해장국 성산점|제주특별자치도 서귀포시 성산읍 일출로 9|064-784-9994|//t1.kakaocdn.net/thumb/T800x0.q80/?fname=http%3A%2F%2Ft1.kakaocdn.net%2Ffiy_reboot%2Fplace%2F55BF8CD5BF084AACB13BE264B4B366CC
육류,고기|만복흑돼지|제주특별자치도 서귀포시 안덕면 산방로 53|064-792-0095|
육류,고기|돗통|제주특별자치도 서귀포시 안덕면 사계북로41번길 189|064-792-0055|//t1.kakaocdn.net/thumb/T800x0.q80/?fname=http%3A%2F%2Ft1.daumcdn.net%2Fplace%2F2FACA57A1DBD4A4CA3B494067CECE363
한식|공새미59|제주특별자치도 서귀포시 남원읍 공천포로 59-1|064-732-4757|//t1.kakaocdn.net/thumb/T800x0.q80/?fname=http%3A%2F%2Ft1.daumcdn.net%2Fplace%2F9C8E2D4CA3DC45C18A8ECA198077DFFA
국수|제주삼다국수|제주특별자치도 서귀포시 김정문화로 59-1|064-739-3167|//t1.kakaocdn.net/thumb/T800x0.q80/?fname=http%3A%2F%2Ft1.daumcdn.net%2Fcfile%2F26633D39524BBF4306
해물,생선|제주미향|제주특별자치도 서귀포시 천제연로 99|064-738-8588|//t1.kakaocdn.net/thumb/T800x0.q80/?fname=http%3A%2F%2Ft1.daumcdn.net%2Fplace%2FD32A0B08002C49DC95575638DABF9CE1
육류,고기|서귀포흑돼지명가|제주특별자치도 서귀포시 태평로 122|064-739-7347|//t1.kakaocdn.net/thumb/T800x0.q80/?fname=http%3A%2F%2Ft1.daumcdn.net%2Fplace%2FE4B49E2D9D45416B8EE2085A6E7A2B69
해물,생선|중문수원|제주특별자치도 서귀포시 천제연로 83|064-738-3875|//t1.kakaocdn.net/thumb/T800x0.q80/?fname=http%3A%2F%2Ft1.daumcdn.net%2Flocalad_thumb%2Ft%2Fc0b9e57795c2e496904c78f04555a14e6d44e277
국수|삼무국수 성산점|제주특별자치도 서귀포시 성산읍 고성오조로 74-1|064-782-2656|//t1.kakaocdn.net/thumb/T800x0.q80/?fname=http%3A%2F%2Ft1.daumcdn.net%2Flocalad_thumb%2Ft%2F8f5ef660b57fc4fa445580177b4f8c69b1e498fb
회|팔팔자연산회센타|제주특별자치도 서귀포시 성산읍 일주동로 4213|064-784-8488|//t1.kakaocdn.net/thumb/T800x0.q80/?fname=http%3A%2F%2Ft1.kakaocdn.net%2Ffiy_reboot%2Fplace%2F5B2F7B67A83942DC926AFB16444A20F1
복어|대도식당|제주특별자치도 서귀포시 솔동산로22번길 18|064-763-1033|//t1.kakaocdn.net/thumb/T800x0.q80/?fname=http%3A%2F%2Ft1.daumcdn.net%2Fplace%2F7617644F10E04E72A77BD05E4C896B00
한식|오후새우시|제주특별자치도 서귀포시 천제연로 184 1층|010-8662-0349|//t1.kakaocdn.net/thumb/T800x0.q80/?fname=http%3A%2F%2Ft1.daumcdn.net%2Fplace%2F9CCBAA2AB4DB47E2A8E9B5C6EFC684A2
육류,고기|광치기|제주특별자치도 서귀포시 성산읍 일출로 86|064-784-9575|//t1.kakaocdn.net/thumb/T800x0.q80/?fname=http%3A%2F%2Ft1.daumcdn.net%2Flocalfiy%2FF968000F8FA5486BA28034B9D3609E64
육류,고기|흑돼지제주정|제주특별자치도 서귀포시 표선면 민속해안로 577|064-787-3082|//t1.kakaocdn.net/thumb/T800x0.q80/?fname=http%3A%2F%2Ft1.daumcdn.net%2Flocalfiy%2F95D9078B7E0B442C84CFC3A61C9A4D5C
한식|영해식당|제주특별자치도 서귀포시 대정읍 하모상가로 34-2|064-794-2262|//t1.kakaocdn.net/thumb/T800x0.q80/?fname=http%3A%2F%2Ft1.daumcdn.net%2Fplace%2F73C63975EA224A2EA0C79897FC4984F8
한식|뿔소라몽땅|제주특별자치도 서귀포시 이어도로 866-27|064-738-4902|//t1.kakaocdn.net/thumb/T800x0.q80/?fname=http%3A%2F%2Ft1.daumcdn.net%2Fplace%2F638A3CAA748F41ADADA1D341412B6EC0
한식|나목도식당|제주특별자치도 서귀포시 표선면 가시로613번길 60|064-787-1202|//t1.kakaocdn.net/thumb/T800x0.q80/?fname=http%3A%2F%2Ft1.daumcdn.net%2Flocalad_thumb%2Ft%2F71fd458dfaf68478445cf30b697624a073bfdb8b
육류,고기|큰솔가흑돼지 중문본점|제주특별자치도 서귀포시 이어도로 193|064-738-1136|//t1.kakaocdn.net/thumb/T800x0.q80/?fname=http%3A%2F%2Ft1.kakaocdn.net%2Ffiy_reboot%2Fplace%2FA4FB30281537484F8267376F9C42D1C6
회|큰갯물횟집|제주특별자치도 서귀포시 대포로 161|064-738-1625|//t1.kakaocdn.net/thumb/T800x0.q80/?fname=http%3A%2F%2Ft1.kakaocdn.net%2Fmystore%2F3D70B70EA5434D929D7E683DD1CEEE6D
국수|국수의전설|제주특별자치도 서귀포시 효돈로 108|064-733-7101|//t1.kakaocdn.net/thumb/T800x0.q80/?fname=http%3A%2F%2Ft1.daumcdn.net%2Fcfile%2F254DF84D5580FBB73A
국수|국수앤|제주특별자치도 서귀포시 표선면 표선당포로 19-3|064-787-5630|//t1.kakaocdn.net/thumb/T800x0.q80/?fname=http%3A%2F%2Ft1.daumcdn.net%2Flocalfiy%2FD285F7AA55EF4E84893DC1AE5ED26687
회|다미진횟집|제주특별자치도 서귀포시 표선면 민속해안로 578-1|064-787-5050|//t1.kakaocdn.net/thumb/T800x0.q80/?fname=http%3A%2F%2Ft1.daumcdn.net%2Flocalfiy%2F012A69DCAB144B498EFBAC52ED0BA153
죽|옛날팥죽|제주특별자치도 서귀포시 표선면 성읍민속로 130|064-787-3479|
해물,생선|신옛촌 본점|제주특별자치도 서귀포시 안덕면 사계로 187-6|064-794-1688|//t1.kakaocdn.net/thumb/T800x0.q80/?fname=http%3A%2F%2Ft1.daumcdn.net%2Fcfile%2F256D504F577C71162D
육류,고기|고기정류장|제주특별자치도 서귀포시 천제연로 137|064-738-6455|//t1.kakaocdn.net/thumb/T800x0.q80/?fname=http%3A%2F%2Ft1.daumcdn.net%2Flocalfiy%2FB6C127A991F24CD69544D398A51801EF
한식|중문해물라면오빠네|제주특별자치도 서귀포시 일주서로 962 1층|064-738-8957|//t1.kakaocdn.net/thumb/T800x0.q80/?fname=http%3A%2F%2Ft1.kakaocdn.net%2Ffiy_reboot%2Fplace%2F2E7C3C3FB2A04CD0A372E572AB1EE710
국수|형제섬보말칼국수|제주특별자치도 서귀포시 대정읍 형제해안로 258|064-794-1906|//t1.kakaocdn.net/thumb/T800x0.q80/?fname=http%3A%2F%2Ft1.kakaocdn.net%2Ffiy_reboot%2Fplace%2F9C9D1C7851044A5590F008131B682CD2
한식|동성식당|제주특별자치도 서귀포시 토평남로 109|064-733-6874|//t1.kakaocdn.net/thumb/T800x0.q80/?fname=http%3A%2F%2Ft1.daumcdn.net%2Fplace%2F0AF4B768B39441BE85E35E2AADDA8617
한식|흑돼지박스|제주특별자치도 서귀포시 성산읍 신양로 100|0507-1372-0519|//t1.kakaocdn.net/thumb/T800x0.q80/?fname=http%3A%2F%2Ft1.kakaocdn.net%2Fmystore%2FC3E3DB4A4FD04059B48A394CBCCEDD7D
한식|쇠소깍모꼬지|제주특별자치도 서귀포시 일주동로 8104|064-767-3456|//t1.kakaocdn.net/thumb/T800x0.q80/?fname=http%3A%2F%2Ft1.daumcdn.net%2Fcfile%2F2603DA4754BDC8A72A
회|대포해송횟집|제주특별자치도 서귀포시 이어도로 200-7|064-738-4060|
회|김선장회센타|제주특별자치도 서귀포시 대정읍 최남단해안로 37 1층|064-794-5412|
회|동남팔팔회센타|제주특별자치도 서귀포시 성산읍 고성오조로 48-2|064-782-8688|//t1.kakaocdn.net/thumb/T800x0.q80/?fname=http%3A%2F%2Ft1.daumcdn.net%2Fplace%2FA63FDC24F76F4222903AC3BB48F1F86F
해물,생선|통통갈치밥상|제주특별자치도 서귀포시 성산읍 성산등용로 17|064-784-6652|//t1.kakaocdn.net/thumb/T800x0.q80/?fname=http%3A%2F%2Ft1.daumcdn.net%2Fplace%2FF2CDFF0A7F24471EBDBAC9D07EF5293A
한식|표선행복한식당|제주특별자치도 서귀포시 표선면 표선동서로 268-1|064-787-7766|//t1.kakaocdn.net/thumb/T800x0.q80/?fname=http%3A%2F%2Ft1.kakaocdn.net%2Fmystore%2FF42E70E788B049DA842345B28729F496
한식|바다풍경|제주특별자치도 서귀포시 성산읍 일출로288번길 17 1층|064-784-9779|
해물,생선|모슬포마라수산시장|제주특별자치도 서귀포시 대정읍 하모항구로 8|064-794-7737|//t1.kakaocdn.net/thumb/T800x0.q80/?fname=http%3A%2F%2Ft1.daumcdn.net%2Flocalfiy%2FE7400CE33B36439EAEF5022776553552
해장국|미풍해장국 서귀포직영점|제주특별자치도 서귀포시 신동로27번길 12-4|064-738-8851|//t1.kakaocdn.net/thumb/T800x0.q80/?fname=http%3A%2F%2Ft1.kakaocdn.net%2Ffiy_reboot%2Fplace%2FE169C4AD74B84DDAA05E5C757795FF6A
해물,생선|섭지해녀의집|제주특별자치도 서귀포시 성산읍 섭지코지로 93-15|064-782-0672|
육류,고기|제주흑돈세상수라간 본점|제주특별자치도 서귀포시 중산간동로 8051|064-762-8588|//t1.kakaocdn.net/thumb/T800x0.q80/?fname=http%3A%2F%2Ft1.daumcdn.net%2Fplace%2F6D7194040B6A459F9B3D42E6F614F7A2
육류,고기|혜원|제주특별자치도 서귀포시 안덕면 화순서서로 397|064-794-0992|//t1.kakaocdn.net/thumb/T800x0.q80/?fname=http%3A%2F%2Ft1.daumcdn.net%2Fplace%2FFAC5D95F2ED64DF8859EC3BF08FC10FC
