분류,이름,주소,전화번호,대표사진주소
"호프,요리주점",제리스펍,제주특별자치도 서귀포시 솔동산로 20 2층,064-732-4696,
"호프,요리주점",제주약수터 본점,제주특별자치도 서귀포시 중앙로 35 1층,064-805-6572,
"호프,요리주점",제주약수터 올레시장점,제주특별자치도 서귀포시 중앙로48번길 10 1층,064-901-6632,
"호프,요리주점",사우스바운더,제주특별자치도 서귀포시 예래로 33,064-738-7536,
일본식주점,모루쿠다,제주특별자치도 서귀포시 동홍중앙로90번길 48 1층,064-762-2888,
일본식주점,요리바카,제주특별자치도 서귀포시 천제연로214번길 3,064-738-6984,
"호프,요리주점",스피닝울프,제주특별자치도 서귀포시 성산읍 동류암로 20,064-766-3009,
일본식주점,이공이시,제주특별자치도 서귀포시 중문관광로72번길 29-9,070-8838-7832,
"호프,요리주점",팁시테이블,제주특별자치도 서귀포시 대청로 41 블루빌딩 1층 104호,064-739-8659,
실내포장마차,좀녀와농부,제주특별자치도 서귀포시 성산읍 온평리 1286-4,,
"호프,요리주점",위미테이블,제주특별자치도 서귀포시 남원읍 태위로 180,064-900-2120,
술집,아지,제주특별자치도 서귀포시 신서로122번길 73 지하1층,064-738-9929,
"호프,요리주점",역전할머니맥주 서귀포신시가지점,제주특별자치도 서귀포시 김정문화로27번길 10-1,064-739-2006,
와인바,리볼버,제주특별자치도 서귀포시 예래로 31,064-738-7537,
실내포장마차,빨간집 서귀포점,제주특별자치도 서귀포시 이중섭로 12-1,064-763-3411,
"호프,요리주점",동남막걸리,제주특별자치도 서귀포시 성산읍 고성오조로 71-1 1층,,
"호프,요리주점",83년생김지영,제주특별자치도 서귀포시 안덕면 신화역사로 372-4,064-794-0204,
일본식주점,다미야 서귀포점,제주특별자치도 서귀포시 홍중로 23,064-763-5382,
"호프,요리주점",마루아라,제주특별자치도 서귀포시 이중섭로 16 2층,064-763-1364,
칵테일바,알리바이룸,제주특별자치도 서귀포시 성산읍 섭지코지로26번길 6,010-3982-0810,
"호프,요리주점",기어서집까지,제주특별자치도 서귀포시 동문로 48,064-733-0891,
"호프,요리주점",우드스탁,제주특별자치도 서귀포시 이중섭로 5 2층,064-733-7875,
"호프,요리주점",엉또민속주점,제주특별자치도 서귀포시 신서귀로97번길 84,064-739-9292,
칵테일바,바머스크,제주특별자치도 서귀포시 태평로371번길 30 라산빌딩 1층,,
와인바,HFF,제주특별자치도 서귀포시 남원읍 태위로679번길 10,,
"호프,요리주점",주점부리,제주특별자치도 서귀포시 성산읍 성산중앙로 67,,
일본식주점,곱을락,제주특별자치도 서귀포시 신서로48번길 20-9 1층,064-738-5717,
칵테일바,웨이브라운지,제주특별자치도 서귀포시 색달동 2558 더플래닛전시관 1층,010-6478-2558,
"호프,요리주점",마시오름,제주특별자치도 서귀포시 중앙로117번길 6,064-733-1989,
"호프,요리주점",주점부리 신양본점,제주특별자치도 서귀포시 성산읍 신양로 117,064-784-7868,
일본식주점,야키토리타키비,제주특별자치도 서귀포시 중문로 8 1층,064-738-7253,
"호프,요리주점",닐모리동동,제주특별자치도 서귀포시 중앙로47번길 1,064-732-1577,
"호프,요리주점",육지것들,"제주특별자치도 서귀포시 중문동 2128-1 5,6호",010-8929-0604,
"호프,요리주점",쉬림포크,제주특별자치도 서귀포시 성산읍 동류암로 47-1 2층,,
실내포장마차,육회포차 서귀포본점,제주특별자치도 서귀포시 중앙로71번길 4 1층,064-763-9977,
칵테일바,블랙바 서귀포점,제주특별자치도 서귀포시 솔동산로 27 1층,064-733-2727,
"호프,요리주점",역전할머니맥주 제주동홍점,제주특별자치도 서귀포시 동홍남로 46 1층,,
"호프,요리주점",밀회관 서귀포점,제주특별자치도 서귀포시 월드컵로 111 1층,064-739-3532,
"호프,요리주점",조르지네이상한가게,제주특별자치도 서귀포시 서문로28번길 3,,
"호프,요리주점",모영,제주특별자치도 서귀포시 성산읍 동류암로 44,010-5636-7330,
"호프,요리주점",모퉁이샵,제주특별자치도 서귀포시 성산읍 일출로 270-2,064-783-4517,
"호프,요리주점",임창정의소주한잔 서귀포점,제주특별자치도 서귀포시 이중섭로 4-1,064-763-1556,
술집,찰스앤바비,제주특별자치도 서귀포시 중문관광로 288 지하1층,010-2809-3617,
와인바,뮈르,제주특별자치도 서귀포시 하예로 28 2층,064-900-3685,
"호프,요리주점",마주앉아,제주특별자치도 서귀포시 명동로 27,064-733-9339,
일본식주점,아지 법환점,제주특별자치도 서귀포시 월드컵로 163 2층,064-738-3255,
실내포장마차,이듸포차,제주특별자치도 서귀포시 대정읍 하모항구로 73 1층,064-792-2022,
"호프,요리주점",두꺼비,제주특별자치도 서귀포시 표선면 표선동서로 180,0507-1348-1288,
"호프,요리주점",역전할머니맥주 중문점,제주특별자치도 서귀포시 천제연로 200,064-739-6700,
실내포장마차,은주식당,제주특별자치도 서귀포시 대정읍 추사로 44,010-7458-7311,
와인바,성산연화,제주특별자치도 서귀포시 성산읍 성산중앙로 22 1층 성산연화,064-805-0211,
"호프,요리주점",데블스도어 제주신화월드점,제주특별자치도 서귀포시 안덕면 서광리 산 24,064-908-1721,
일본식주점,로바타탄요 제주,제주특별자치도 서귀포시 안덕면 신화역사로 423 마마뜰 상가 2층,064-792-8011,
일본식주점,모모,제주특별자치도 서귀포시 신서로32번길 32,064-738-9436,
술집,늘여름,제주특별자치도 서귀포시 태평로353번길 22-5,010-9936-1950,
"호프,요리주점",어른이보호구역,제주특별자치도 서귀포시 성산읍 고성오조로 62-1 2층,010-4515-3702,
실내포장마차,괸당포차,제주특별자치도 서귀포시 부두로 29-1,064-757-1511,
"호프,요리주점",더쏠,제주특별자치도 서귀포시 색달중앙로63번길 2,0507-1395-8303,
칵테일바,키자나,"제주특별자치도 서귀포시 태평로 381 2,3층",010-6899-2736,
와인바,가가호호,제주특별자치도 서귀포시 남원읍 태위로 87 1층 왼쪽끝집,,
"호프,요리주점",바다펍,제주특별자치도 서귀포시 성산읍 섭지코지로 62,,
"호프,요리주점",숲숲포레스트,제주특별자치도 서귀포시 김정문화로41번길 14-6,064-739-9398,
"호프,요리주점",술이조화,제주특별자치도 서귀포시 천제연로 169 5층,010-5805-3255,
와인바,와인씨 제주,제주특별자치도 서귀포시 안덕면 난드르로 13,064-739-1311,
"호프,요리주점",블루홀,제주특별자치도 서귀포시 남원읍 태위로 94-46,,
술집,서핑캠퍼,제주특별자치도 서귀포시 표선면 표선중앙로110번길 2,,
"호프,요리주점",해바라기,제주특별자치도 서귀포시 남원읍 한신로 280,064-764-9909,
와인바,소심한이층,제주특별자치도 서귀포시 성산읍 성산등용로 17 2층,010-2449-8890,
술집,꼬란,제주특별자치도 서귀포시 동문동로 2,,
"호프,요리주점",창흥상회편의점포차,제주특별자치도 서귀포시 중산간동로 8052 1층,064-733-2223,
와인바,페닌슐라 롯데호텔제주,제주특별자치도 서귀포시 중문관광로72번길 35 본관 8층,064-731-4240,
"호프,요리주점",안녕모슬포,제주특별자치도 서귀포시 대정읍 신영로 61,064-792-7678,
"호프,요리주점",키다리네살롱,제주특별자치도 서귀포시 안덕면 화순임중로 53,,
"호프,요리주점",헤븐앤얼스,제주특별자치도 서귀포시 중정로 13 2층,070-8800-0406,
일본식주점,이자카야범,제주특별자치도 서귀포시 서호로 33-1,010-5879-5432,
일본식주점,토로,제주특별자치도 서귀포시 태평로442번길 2 1층,0507-1460-0551,
와인바,취향의온도,제주특별자치도 서귀포시 성산읍 일출로255번길 4,,
"호프,요리주점",리얼펍 제주1호점,제주특별자치도 서귀포시 김정문화로41번길 10-1,,
칵테일바,더루머스,제주특별자치도 서귀포시 태평로 408,,
"호프,요리주점",와라와라 서귀포서홍점,제주특별자치도 서귀포시 홍중로 73,064-733-5255,
실내포장마차,한잔하게,제주특별자치도 서귀포시 신동로27번길 27,,
"호프,요리주점",최고봉주방,제주특별자치도 서귀포시 이어도로 919 1층,010-4920-8876,
"호프,요리주점",후추,제주특별자치도 서귀포시 월드컵로 163 1층,,
"호프,요리주점",표선주막,제주특별자치도 서귀포시 표선면 표선관정로 39-37,,
"호프,요리주점",주점부리 표선점,제주특별자치도 서귀포시 표선면 표선동서로 221,064-787-7868,
실내포장마차,청춘포차,제주특별자치도 서귀포시 중문상로17번길 4,,
"호프,요리주점",술고래,"제주특별자치도 서귀포시 중문상로17번길 4 A동 1,2호",,
"호프,요리주점",속에천불 청송얼음막걸리 동홍점,제주특별자치도 서귀포시 동홍중앙로 73,064-762-6776,
실내포장마차,팔도실비집 신서귀포점,제주특별자치도 서귀포시 신중남로 26,064-733-1880,
"호프,요리주점",역전할머니맥주 제주 표선점,제주특별자치도 서귀포시 표선면 표선중앙로 94,064-787-2221,
"호프,요리주점",솔동산스토리,제주특별자치도 서귀포시 솔동산로 10,064-732-0055,
"호프,요리주점",카페베트로,제주특별자치도 서귀포시 안덕면 신화역사로304번길 98,064-908-1261,
"호프,요리주점",함지박,제주특별자치도 서귀포시 중정로91번길 16,064-732-3515,
"호프,요리주점",다소니,제주특별자치도 서귀포시 중문상로 40 2층,064-738-0702,
실내포장마차,항공모함 감성포차주점,제주특별자치도 서귀포시 명동로 14,064-762-9798,
와인바,새로고침,제주특별자치도 서귀포시 성산읍 신고로22번길 34,,
"호프,요리주점",오십바,제주특별자치도 서귀포시 솔동산로22번길 8,064-733-5388,
"호프,요리주점",빈스가게,제주특별자치도 서귀포시 표선면 표선동서로 240-1,064-904-1277,
술집,그로토바,제주특별자치도 서귀포시 중문관광로72번길 114,064-735-8232,
"호프,요리주점",노가리앤비어 강정점,제주특별자치도 서귀포시 대청로 39 201호,070-4175-1982,
와인바,살롱드문가든,제주특별자치도 서귀포시 이중섭로 11 1층,,
"호프,요리주점",물메,제주특별자치도 서귀포시 성산읍 서성일로 1181,064-784-6588,
"호프,요리주점",달달한밤,제주특별자치도 서귀포시 성산읍 고성동서로 67 2층,,
와인바,마토네,제주특별자치도 서귀포시 서홍동 2598 1층,010-266-2577,
와인바,서중주막,제주특별자치도 서귀포시 남원읍 태위로 685-1 1층,010-6222-0027,
술집,수작,제주특별자치도 서귀포시 대청로 33,064-738-8880,
술집,가건물,제주특별자치도 서귀포시 표선면 표선백사로 106,,
"호프,요리주점",다랑쉬,제주특별자치도 서귀포시 표선면 민속해안로 537,064-780-8389,
실내포장마차,주민상회 서귀포색달점,제주특별자치도 서귀포시 색달로 87 1층,,
실내포장마차,71포차,제주특별자치도 서귀포시 대정읍 하모중앙로 71 1층,064-792-4004,
"호프,요리주점",고부루키친,제주특별자치도 서귀포시 남성중로 171 1층,,
실내포장마차,우동육회포차 서귀포본점,제주특별자치도 서귀포시 천지로 2,064-763-9977,
술집,우수수,제주특별자치도 서귀포시 대정읍 비자낭로 21 1층,010-4607-6799,
"호프,요리주점",노가리앤비어 서홍점,제주특별자치도 서귀포시 홍중로 99,,
"호프,요리주점",봉구비어 제주서귀점,제주특별자치도 서귀포시 이중섭로 5-5,064-762-0925,
와인바,시흥삼림,제주특별자치도 서귀포시 성산읍 시흥하동로57번길 35,,
실내포장마차,주민상회 화순점,제주특별자치도 서귀포시 안덕면 화순로 131 1층,,
일본식주점,요시,제주특별자치도 서귀포시 이중섭로 12,064-763-0079,
"호프,요리주점",한남동그집 제주서귀동점,제주특별자치도 서귀포시 태평로431번길 24,064-733-7949,
칵테일바,좁은문,제주특별자치도 서귀포시 안덕면 평화로319번길 40 1층,0507-1370-8366,
"호프,요리주점",탄광맥주,제주특별자치도 서귀포시 천제연로 153,,
실내포장마차,7942포차,제주특별자치도 서귀포시 김정문화로 64,064-738-3550,
오뎅바,투다리 서귀포점,제주특별자치도 서귀포시 중정로 45,064-762-0949,
"호프,요리주점",엘리팝 법환포구본점,제주특별자치도 서귀포시 막숙포로 64 1층,064-738-5887,
술집,가파도스넥바,제주특별자치도 서귀포시 대정읍 가파로 265,,
"호프,요리주점",치어스 서귀포점,제주특별자치도 서귀포시 신서로48번길 47 1층,064-739-5162,
"호프,요리주점",이분생 서귀포점,"제주특별자치도 서귀포시 이중섭로 11 1층 111,112,113호",,
술집,향기소주&호프,제주특별자치도 서귀포시 성산읍 성산등용로 98,,
실내포장마차,중문포차,제주특별자치도 서귀포시 천제연로 208 1층,,
술집,콜트레인,제주특별자치도 서귀포시 대정읍 신영로 109,,
"호프,요리주점",비어댐 서귀포점,제주특별자치도 서귀포시 중앙로41번길 17,064-762-1187,
"호프,요리주점",막걸리한잔,제주특별자치도 서귀포시 중문로81번길 1,,
술집,S바,제주특별자치도 서귀포시 중문상로 39,064-732-0543,
일본식주점,쿠모,제주특별자치도 서귀포시 성산읍 한도로 269-37,064-783-8368,
술집,낭섭,제주특별자치도 서귀포시 천제연로185번길 8,,
"호프,요리주점",무드우드,제주특별자치도 서귀포시 소암로 33,070-4140-0060,
일본식주점,텅꼬치 성산동남점,제주특별자치도 서귀포시 성산읍 고성동서로 51,064-784-5936,
"호프,요리주점",술창고,제주특별자치도 서귀포시 효돈로 181,064-767-5115,
"호프,요리주점",크라운호프 노형점,제주특별자치도 서귀포시 성산읍 성산중앙로64번길 5-4,064-783-7575,
"호프,요리주점",아레나홀덤펍,제주특별자치도 서귀포시 태평로353번길 18,,
일본식주점,아지바라 대정점,제주특별자치도 서귀포시 대정읍 영서중로 6,064-792-1159,
오뎅바,투다리 동흥점,제주특별자치도 서귀포시 동홍남로 52,064-762-1394,
실내포장마차,술이술술,제주특별자치도 서귀포시 천제연로188번길 12,064-738-2208,
"호프,요리주점",영심이네화강발,제주특별자치도 서귀포시 성산읍 동류암로 48,064-782-6656,
"호프,요리주점",코지펍,제주특별자치도 서귀포시 성산읍 신양로122번길 10-8,,
"호프,요리주점",하와이,제주특별자치도 서귀포시 표선면 표선동서로 191,064-787-0811,
와인바,2046호,제주특별자치도 서귀포시 대정읍 구억리 1033,010-8652-3738,
"호프,요리주점",동네술집,제주특별자치도 서귀포시 성산읍 성산중앙로 59-1,064-782-1009,
"호프,요리주점",사계주막,제주특별자치도 서귀포시 안덕면 형제해안로 13-1,,
"호프,요리주점",부산갈매기,제주특별자치도 서귀포시 성산읍 동류암로 46,064-782-6111,
"호프,요리주점",제주신화월드 바온탑,제주특별자치도 서귀포시 안덕면 서광리 산 24 신화관 1층,064-908-2630,
와인바,오후다섯시,제주특별자치도 서귀포시 칠십리로 39 2층,,
"호프,요리주점",한잔해,제주특별자치도 서귀포시 대정읍 영서중로 5,064-794-6212,
술집,구찌커피앤비어,제주특별자치도 서귀포시 중정로61번길 21 2층,064-762-9100,
오뎅바,투다리 남원점,제주특별자치도 서귀포시 남원읍 태위로663번길 1,064-764-5792,
"호프,요리주점",에뜨랑제,제주특별자치도 서귀포시 대정읍 신영로 112-1,064-794-6609,
"호프,요리주점",다님길,제주특별자치도 서귀포시 중문상로 40,064-738-3545,
"호프,요리주점",크라운호프 서귀포점,제주특별자치도 서귀포시 이중섭로 6,,
칵테일바,몸둘바,제주특별자치도 서귀포시 성산읍 신양로122번길 10-8 1층,,
"호프,요리주점",미성한잔술,제주특별자치도 서귀포시 성산읍 동류암로39번길 12,010-9779-0758,
실내포장마차,칠성포차 제주서귀포점,제주특별자치도 서귀포시 명동로 19-1 2층,064-732-7793,
"호프,요리주점",소랑주방,제주특별자치도 서귀포시 명동로 13-1,064-763-7901,
"호프,요리주점",슈퍼문,제주특별자치도 서귀포시 동홍남로 48 1층,,
"호프,요리주점",향기소주호프,제주특별자치도 서귀포시 성산읍 산성효자로 228-10,064-782-3633,
"호프,요리주점",토대력 중문점,제주특별자치도 서귀포시 천제연로 172,064-739-8257,
"호프,요리주점",꾸바꾸바 서귀포1호점,제주특별자치도 서귀포시 중앙로 148,064-762-8592,
"호프,요리주점",프레드허쉬,제주특별자치도 서귀포시 태평로 416-1,,
실내포장마차,해피포차,제주특별자치도 서귀포시 명동로 15,064-733-3757,
실내포장마차,달구지마차,제주특별자치도 서귀포시 천지로 2,064-732-1153,
"호프,요리주점",서울전집,제주특별자치도 서귀포시 성산읍 일주동로 4224,,
술집,오돈꼬치,제주특별자치도 서귀포시 중정로73번길 17,,
술집,바람꽃,제주특별자치도 서귀포시 대정읍 영서중로 5-3,064-794-6616,
술집,술통,제주특별자치도 서귀포시 안덕면 화순로 107,064-792-8281,
실내포장마차,88한녀석들,제주특별자치도 서귀포시 성산읍 성산등용로 16,,
실내포장마차,소백산맥,제주특별자치도 서귀포시 중정로91번길 26,064-763-3776,
술집,노을카페,제주특별자치도 서귀포시 대정읍 신영로 103-1,064-794-6686,
술집,바실,제주특별자치도 서귀포시 서호남로 91 서귀포혁신사랑으로부영아파트 103 상가동,070-8886-8787,
오뎅바,투다리 동남점,제주특별자치도 서귀포시 성산읍 고성오조로 96,064-784-3797,
실내포장마차,청사초롱,제주특별자치도 서귀포시 표선면 표선동서로 254-12,064-787-1995,
"호프,요리주점",소문내봐봐,제주특별자치도 서귀포시 성산읍 일주동로 4223 2층,064-784-4547,
술집,까투리 사계점,제주특별자치도 서귀포시 안덕면 산방로 387,,
"호프,요리주점",나루터,제주특별자치도 서귀포시 천제연로188번길 6,064-738-2620,
"호프,요리주점",J비어,제주특별자치도 서귀포시 성산읍 성산중앙로37번길 9 6층,,
"호프,요리주점",스크류비어 서귀포1호점,제주특별자치도 서귀포시 중앙로 23,064-733-8982,
술집,신나이스 심야소주방,제주특별자치도 서귀포시 성산읍 고성오조로 76,064-782-2488,
일본식주점,꼬지사께 제주모슬포점,제주특별자치도 서귀포시 대정읍 신영로 98-1,064-794-4049,
"호프,요리주점",엔츠노래타운,제주특별자치도 서귀포시 명동로 13-1 2층,064-763-1105,
"호프,요리주점",M,제주특별자치도 서귀포시 성산읍 동류암로39번길 15,064-782-5485,
"호프,요리주점",불로 청송얼음골막걸리 서귀포점,제주특별자치도 서귀포시 동문로 34-1,064-733-8733,
"호프,요리주점",헐크요리점,제주특별자치도 서귀포시 신서귀로 49,064-739-7994,
실내포장마차,포차다,제주특별자치도 서귀포시 중앙로 199 서강파인힐5차상가 2호,,
"호프,요리주점",최남단1박2일,제주특별자치도 서귀포시 대정읍 신영로 97,064-792-2418,
"호프,요리주점",서귀포칼호텔 단란주점,제주특별자치도 서귀포시 칠십리로 242,,
"호프,요리주점",청송막걸리속에천불 서귀포점,제주특별자치도 서귀포시 중앙로72번길 18,064-733-8733,
"호프,요리주점",매니아 레스트&호프,제주특별자치도 서귀포시 장수로 97,064-763-4055,
술집,남원올레,제주특별자치도 서귀포시 남원읍 태위로679번길 8,064-764-4828,
일본식주점,경성주막1929 서귀포점,제주특별자치도 서귀포시 이중섭로 12-1,,
술집,오션스14,제주특별자치도 서귀포시 중앙로 14,,
술집,도리도리31(DORIDORI31),제주특별자치도 서귀포시 대정읍 글로벌에듀로 382,064-794-9847,
"호프,요리주점",희로애락호프,제주특별자치도 서귀포시 표선면 표선중앙로90번길 4,064-787-7827,
"호프,요리주점",주민상회 서광신화점,제주특별자치도 서귀포시 안덕면 녹차분재로 45 1층,,
실내포장마차,인생포차,제주특별자치도 서귀포시 중정로 54,064-733-4418,
실내포장마차,포차랑,제주특별자치도 서귀포시 신동로27번길 35,,
술집,까투리 올레점,제주특별자치도 서귀포시 동홍남로 64,064-763-0333,
실내포장마차,82포차,제주특별자치도 서귀포시 성산읍 동류암로 28,,
술집,늘봄카페,제주특별자치도 서귀포시 남원읍 태위로689번길 10,064-764-3433,
"호프,요리주점",효돈아지트,제주특별자치도 서귀포시 칠십리로 765,,
오뎅바,투다리 서귀포시청점,제주특별자치도 서귀포시 홍중로 25,064-733-9338,
실내포장마차,간이역 중앙점,제주특별자치도 서귀포시 동문동로 35,064-763-0792,
실내포장마차,갓포차,제주특별자치도 서귀포시 서문로 26 2층,,
"호프,요리주점",노가리앤비어서귀포동홍점,제주특별자치도 서귀포시 동홍남로 61,,
"호프,요리주점",가르텐비어 제주동홍점,제주특별자치도 서귀포시 동홍중앙로 51,064-763-2226,
술집,까투리 모슬포점,제주특별자치도 서귀포시 대정읍 영락리 929,064-794-1199,
칵테일바,신라호텔제주 달모리,제주특별자치도 서귀포시 중문관광로72번길 75 3층,064-735-5333,
"호프,요리주점",스래바,제주특별자치도 서귀포시 표선면 표선백사로58번길 15,,
실내포장마차,다이버홍포차,제주특별자치도 서귀포시 칠십리로 57 1층,,
"호프,요리주점",비스트로7,제주특별자치도 서귀포시 동홍중앙로 55 104호,064-732-7008,
술집,데어,제주특별자치도 서귀포시 대정읍 신영로 114 2층,,
"호프,요리주점",올댓비어,제주특별자치도 서귀포시 대정읍 하모상가로 27,064-792-1088,
칵테일바,롯데호텔제주 윈저바,제주특별자치도 서귀포시 중문관광로72번길 35,064-731-4255,
"호프,요리주점",별빛한잔,제주특별자치도 서귀포시 동홍중앙로 52 5층,,
술집,파티클럽바,제주특별자치도 서귀포시 서귀동 528-3,064-763-0881,
실내포장마차,주포차,제주특별자치도 서귀포시 일주서로 962,,
"호프,요리주점",프렌즈,제주특별자치도 서귀포시 김정문화로 52,,
"호프,요리주점",뮤직앤뮤직노래주점,제주특별자치도 서귀포시 표선면 표선중앙로 89 3층,064-787-1154,
와인바,옥탑제이,"제주특별자치도 서귀포시 동홍로 51 2,3층",,
"호프,요리주점",해피투게더,제주특별자치도 서귀포시 동홍중앙로66번길 30-5,064-733-4401,
오뎅바,투다리 표선점,제주특별자치도 서귀포시 표선면 표선동서로 228,064-787-2292,
와인바,제주신라호텔 올래,제주특별자치도 서귀포시 중문관광로72번길 75 6층,064-735-5587,
"호프,요리주점",동아리 중앙점,제주특별자치도 서귀포시 중정로91번길 58,064-713-7792,
"호프,요리주점",맥빙,제주특별자치도 서귀포시 표선면 중산간동로 5264,064-787-0206,
술집,더끌림,제주특별자치도 서귀포시 명동로 44,064-763-8326,
실내포장마차,손님구함,제주특별자치도 서귀포시 중정로91번길 57-2,064-900-3599,
술집,에이지,제주특별자치도 서귀포시 중앙로71번길 15-4,,
"호프,요리주점",토크쇼소주방,제주특별자치도 서귀포시 중앙로71번길 4,064-732-0292,
"호프,요리주점",마르시,제주특별자치도 서귀포시 중동로48번길 7-1,064-732-7380,
"호프,요리주점",케이홀덤펍,제주특별자치도 서귀포시 천제연로185번길 3-1 축협중문종합판매점 2층,,
"호프,요리주점",목마쉼터,제주특별자치도 서귀포시 서문로29번길 25,064-733-8807,
"호프,요리주점",94번가 신서귀점,제주특별자치도 서귀포시 신서귀로 49,,
술집,26번가,제주특별자치도 서귀포시 천지로 26,064-762-0824,
실내포장마차,잔디포차,제주특별자치도 서귀포시 대정읍 하모이삼로 63,064-792-0466,
"호프,요리주점",엠호프,제주특별자치도 서귀포시 이어도로 604,,
"호프,요리주점",쏘쏘비어,제주특별자치도 서귀포시 명동로 19,,
"호프,요리주점",숟가락젓가락,제주특별자치도 서귀포시 중앙로 21,064-762-9112,
"호프,요리주점",남원태백산맥,제주특별자치도 서귀포시 남원읍 태위로 672-2,064-764-2989,
"호프,요리주점",간이역 표선점,제주특별자치도 서귀포시 표선면 표선중앙로 106,,
술집,소울카페,제주특별자치도 서귀포시 중앙로72번길 12,064-762-0016,
"호프,요리주점",런던1972,제주특별자치도 서귀포시 일주서로 1124,,
"호프,요리주점",구피풋,제주특별자치도 서귀포시 이중섭로 11,,
"호프,요리주점",살롱드 감산점,제주특별자치도 서귀포시 안덕면 감산중로 34,,
"호프,요리주점",토크쇼 동남점,제주특별자치도 서귀포시 성산읍 고성동서로 71,064-784-7292,
술집,춘,제주특별자치도 서귀포시 이중섭로 17,064-763-0881,
일본식주점,오소이 중문점,제주특별자치도 서귀포시 중문상로 46,,
"호프,요리주점",퍼블릭467,제주특별자치도 서귀포시 성산읍 환해장성로 467,,
"호프,요리주점",신나라,제주특별자치도 서귀포시 천지로 6,064-763-3019,
술집,맥주클럽,제주특별자치도 서귀포시 동문로 59,,
술집,홈런펍,제주특별자치도 서귀포시 명동로 16,064-762-1900,
"호프,요리주점",소주한잔,제주특별자치도 서귀포시 중정로91번길 41-1,,
"호프,요리주점",스마트헬로,제주특별자치도 서귀포시 신중남로 1,064-738-6449,
실내포장마차,육거리포차,제주특별자치도 서귀포시 안덕면 화순해안로 1,,
"호프,요리주점",까투리 화순점,제주특별자치도 서귀포시 안덕면 화순로 115,,
실내포장마차,빈티지실내포차,제주특별자치도 서귀포시 표선면 표선동서로 254-12,,
술집,정이네까페,제주특별자치도 서귀포시 성산읍 성산중앙로 52,,
실내포장마차,여기가게,제주특별자치도 서귀포시 명동로 19-1,,
실내포장마차,1970포차,제주특별자치도 서귀포시 동홍중앙로90번길 4-8 1층,,
와인바,리브라,제주특별자치도 서귀포시 신중로 71 보가정원2층,0507-1356-1779,
"호프,요리주점",길벗소주방,제주특별자치도 서귀포시 안덕면 화순로109번길 1,064-792-5779,
"호프,요리주점",땡큐소주방,제주특별자치도 서귀포시 서문로 23,064-732-9986,
"호프,요리주점",제주빽가,제주특별자치도 서귀포시 대청로25번길 6-9,,
술집,미드나잇제주,제주특별자치도 서귀포시 안덕면 서광리 산 24-11,,
실내포장마차,너와나실내포장마차,제주특별자치도 서귀포시 일주동로 8712-1,064-733-3194,
"호프,요리주점",세븐,제주특별자치도 서귀포시 성산읍 고성오조로 70-2,,
"호프,요리주점",더조은호프,제주특별자치도 서귀포시 신서귀로 58,,
술집,88자유실내포차,제주특별자치도 서귀포시 성산읍 성산등용로 16,,
"호프,요리주점",라라소주앤비어,제주특별자치도 서귀포시 동문로 16 지하1층,,
술집,인,제주특별자치도 서귀포시 중앙로62번길 34 1층,,
"호프,요리주점",더비어,제주특별자치도 서귀포시 중문상로 38,064-739-9922,
"호프,요리주점",중문일가,제주특별자치도 서귀포시 천제연로 266,,
"호프,요리주점",탐라국꾼,제주특별자치도 서귀포시 남원읍 태위로 673,064-764-0981,
"호프,요리주점",뱅&비어,제주특별자치도 서귀포시 강정동 1073,064-739-9732,
실내포장마차,우정포장마차,제주특별자치도 서귀포시 표선면 표선동서로 222-1,064-787-0222,
실내포장마차,대박포장마차,제주특별자치도 서귀포시 중산간동로 8002-1,064-732-0052,
"호프,요리주점",찬누리호프,제주특별자치도 서귀포시 중정로91번길 11,064-733-9234,
"호프,요리주점",매니아,제주특별자치도 서귀포시 동홍중앙로 49,064-762-5240,
일본식주점,하루 서홍점,제주특별자치도 서귀포시 중앙로 199,,
"호프,요리주점",야구펍,제주특별자치도 서귀포시 명동로 16,,
"호프,요리주점",생탁좁쌀막걸리오메기,제주특별자치도 서귀포시 서호호근로 55,010-4445-6199,
술집,썸,제주특별자치도 서귀포시 솔동산로10번길 18,064-762-3555,
술집,설악개,제주특별자치도 서귀포시 남원읍 남원회관로 14,064-764-2277,
칵테일바,라운지앤바,제주특별자치도 서귀포시 중문관광로72번길 60,,
실내포장마차,마라도포장마차,제주특별자치도 서귀포시 대정읍 하모상가로 26,064-792-8503,
"호프,요리주점",노네임,제주특별자치도 서귀포시 이중섭로 11,,
"호프,요리주점",노가리&비어,제주특별자치도 서귀포시 이중섭로 11,,
실내포장마차,쏭스포차,제주특별자치도 서귀포시 표선면 표선동서로 276-1,,
실내포장마차,비긴어게인,제주특별자치도 서귀포시 정방로 9,,
"호프,요리주점",99나인티나인,제주특별자치도 서귀포시 표선면 민속해안로 537 해비치호텔 1층,064-780-8325,
"호프,요리주점",도란도란,제주특별자치도 서귀포시 중앙로47번길 7,,
술집,밤고냉이,제주특별자치도 서귀포시 동홍남로 28 1층,,
"호프,요리주점",막상올레,제주특별자치도 서귀포시 표선면 표선중앙로 96,064-787-5670,
"호프,요리주점",하영뜰채,제주특별자치도 서귀포시 신서귀로 11,,
술집,꼬꼬실내소주방,제주특별자치도 서귀포시 천지로 3,064-732-1521,
"호프,요리주점",또올레,제주특별자치도 서귀포시 표선면 표선리 851,,
술집,다시오마,제주특별자치도 서귀포시 서귀동 827,064-732-6011,
"호프,요리주점",토크쇼 남원지점,제주특별자치도 서귀포시 남원읍 남원회관로 75,064-764-8375,
술집,경원소주방,제주특별자치도 서귀포시 안덕면 사계남로 171,,
실내포장마차,꼬마분식포장마차,제주특별자치도 서귀포시 대정읍 가파로67번길 3,,
"호프,요리주점",러브리호프,제주특별자치도 서귀포시 중정로91번길 46,064-733-5942,
"호프,요리주점",스카이데이,제주특별자치도 서귀포시 동홍로 7,,
술집,칸,제주특별자치도 서귀포시 태평로353번길 22,064-732-5920,
"호프,요리주점",생방송 모슬포점,제주특별자치도 서귀포시 대정읍 상모로 311,064-794-7892,
술집,상원소주방,제주특별자치도 서귀포시 남원읍 태위로 166,,
"호프,요리주점",느낌호프,제주특별자치도 서귀포시 중정로91번길 51-1,064-762-7766,
술집,바다펌,제주특별자치도 서귀포시 성산읍 섭지코지로 62,,
"호프,요리주점",꼬꼬랑호프,제주특별자치도 서귀포시 표선면 표선중앙로96번길 9-1,064-787-5593,
"호프,요리주점",베프,제주특별자치도 서귀포시 신서귀로51번길 3,,
"호프,요리주점",달빛소주방국수,제주특별자치도 서귀포시 안덕면 화순로 92,064-794-0804,
술집,호꼴락,제주특별자치도 서귀포시 표선면 표선중앙로80번길 9,,
"호프,요리주점",행진,제주특별자치도 서귀포시 중앙로48번길 35,064-763-0009,
"호프,요리주점",돌샘호프,제주특별자치도 서귀포시 태평로371번길 20,064-767-4170,
"호프,요리주점",외로워도술퍼도,제주특별자치도 서귀포시 중앙로72번길 18,,
술집,세븐,제주특별자치도 서귀포시 성산읍 고성오조로 70-2,064-782-8830,
"호프,요리주점",또와또와소주방,제주특별자치도 서귀포시 중정로91번길 16,,
술집,돌고래포차,제주특별자치도 서귀포시 대정읍 최남단해안로 18,,
술집,가비,제주특별자치도 서귀포시 중앙로59번길 7,064-762-0502,
오뎅바,오뎅사께 서귀포중앙점,제주특별자치도 서귀포시 동홍로 6,,
실내포장마차,아씨네포차,제주특별자치도 서귀포시 중앙로62번길 18,,
실내포장마차,포차7080,제주특별자치도 서귀포시 대정읍 신영로 117 1층,,
실내포장마차,대포차,제주특별자치도 서귀포시 천제연로 193,,
"호프,요리주점",주주총회,제주특별자치도 서귀포시 일주동로 8168,,
술집,스위트호텔 안트레,제주특별자치도 서귀포시 중문관광로72번길 67,064-735-9155,
"호프,요리주점",오늘한잔,제주특별자치도 서귀포시 이어도로 685-1 2층,,
술집,AZT,제주특별자치도 서귀포시 대정읍 글로벌에듀로 382 B동 111호,,
"호프,요리주점",비어앤테라스,제주특별자치도 서귀포시 이어도로 215,,
"호프,요리주점",토크쇼 동문점,제주특별자치도 서귀포시 동문로 65,064-763-3790,
"호프,요리주점",너도먹고나도먹고,제주특별자치도 서귀포시 중앙로59번길 14 1층,064-767-4203,
실내포장마차,언니포차,제주특별자치도 서귀포시 명동로 5,070-890-1011,
"호프,요리주점",베이찡,제주특별자치도 서귀포시 이중섭로 11,,
술집,티엠비숯불바베큐,제주특별자치도 서귀포시 표선면 표선동서로 228,064-805-0022,
술집,향까페,제주특별자치도 서귀포시 중정로91번길 27,064-733-2228,
"호프,요리주점",즐마클럽,제주특별자치도 서귀포시 중앙로72번길 6,064-739-0913,
"호프,요리주점",마돈나,제주특별자치도 서귀포시 표선면 표선중앙로 76,064-787-3300,
"호프,요리주점",어우동,제주특별자치도 서귀포시 중정로91번길 41-1,064-732-7090,
"호프,요리주점",잔비어스(잔BEERS),제주특별자치도 서귀포시 이중섭로 12,064-767-1259,
"호프,요리주점",소주는바투,제주특별자치도 서귀포시 남원읍 태위로663번길 1,064-764-6676,
술집,이공일구아지트,제주특별자치도 서귀포시 일주동로 8584,070-5038-3746,
술집,틈소주방,제주특별자치도 서귀포시 성산읍 고성오조로 76,064-784-3330,
"호프,요리주점",8로우,제주특별자치도 서귀포시 동홍중앙로66번길 22-11,,
"호프,요리주점",퍼블리코제이제이홀덤펍,제주특별자치도 서귀포시 신서로48번길 20-9 2층,,
술집,스테이 카페,제주특별자치도 서귀포시 색달로72번길 22,,
술집,팬클럽,제주특별자치도 서귀포시 중정로91번길 42,064-733-7513,
"호프,요리주점",30번가,제주특별자치도 서귀포시 중정로 30,064-732-5530,
술집,그디가게,제주특별자치도 서귀포시 성산읍 고성동서로 54,064-782-6288,
"호프,요리주점",백스비어 제주올레시장점,제주특별자치도 서귀포시 중정로62번길 4,064-732-7901,
술집,야간열차소주방,제주특별자치도 서귀포시 표선면 표선동서로 263,064-787-7702,
"호프,요리주점",야인시대,제주특별자치도 서귀포시 대정읍 하모중앙로 62-2,,
실내포장마차,백록귀빈댁,제주특별자치도 서귀포시 중앙로 49,,
술집,사진술 펍토그래피,제주특별자치도 서귀포시 성산읍 신고로22번길 34,,
"호프,요리주점",술담한잔,제주특별자치도 서귀포시 중앙로 196,,
와인바,스위트호텔 제주점 라비타,제주특별자치도 서귀포시 중문관광로72번길 67,064-735-9125,
"호프,요리주점",마당발,제주특별자치도 서귀포시 표선면 표선중앙로 86,064-787-1410,
술집,영주레저앤컨설팅,제주특별자치도 서귀포시 칠십리로 191 1층,064-732-9886,
"호프,요리주점",예감호프,제주특별자치도 서귀포시 중정로91번길 42,064-763-9494,
실내포장마차,낮도깨비포차,제주특별자치도 서귀포시 명동로 12,,
술집,몽생이소주방,제주특별자치도 서귀포시 대정읍 하모중앙로 69,,
실내포장마차,기립실내포장마차,제주특별자치도 서귀포시 중정로91번길 25,,
"호프,요리주점",한잔더,제주특별자치도 서귀포시 태평로537번길 40-2,,
술집,주모,제주특별자치도 서귀포시 성산읍 고성동서로56번길 13,064-784-0471,
"호프,요리주점",컬러링 서귀포점,제주특별자치도 서귀포시 동문로 32,064-763-5690,
술집,더조은치킨코리아점,제주특별자치도 서귀포시 문부로 12,064-733-5541,
술집,오빠야,제주특별자치도 서귀포시 성산읍 고성동서로56번길 13,064-782-0551,
"호프,요리주점",9터미널,제주특별자치도 서귀포시 서문로 9,,
술집,봄에허브카페,제주특별자치도 서귀포시 표선면 성읍정의현로22번길 13,,
술집,정거장,제주특별자치도 서귀포시 성산읍 동류암로39번길 5-1,,
술집,복건배,제주특별자치도 서귀포시 정방로 7-4,064-733-3140,
술집,진희네식당,제주특별자치도 서귀포시 중앙로72번길 8-1,,
술집,허니엔,제주특별자치도 서귀포시 중앙로48번길 9,064-732-6636,
"호프,요리주점",12번가,제주특별자치도 서귀포시 이중섭로 12 1층,064-762-6665,
실내포장마차,라이크포차,제주특별자치도 서귀포시 안덕면 화순로 96,,
"호프,요리주점",비어사케 서귀포점,제주특별자치도 서귀포시 이중섭로 5,,
술집,앙트레 스위트호텔 제주,제주특별자치도 서귀포시 중문관광로72번길 67,064-735-9125,
술집,초이스,제주특별자치도 서귀포시 성산읍 고성동서로 48,,
"호프,요리주점",남원호프,제주특별자치도 서귀포시 남원읍 태위로679번길 9,,
술집,제주신화월드 S BAR,제주특별자치도 서귀포시 안덕면 신화역사로304번길 38,064-908-1265,
"호프,요리주점",텅꼬치구이서귀점,제주특별자치도 서귀포시 중앙로47번길 6,064-733-9298,
"호프,요리주점",스페샬 동남점,제주특별자치도 서귀포시 성산읍 고성오조로84번길 2,064-784-5758,
"호프,요리주점",나몰라,제주특별자치도 서귀포시 중앙로71번길 8,,
실내포장마차,와따봉386포차,제주특별자치도 서귀포시 동문동로53번길 14,,
술집,만사형통,제주특별자치도 서귀포시 대정읍 상모로 285,064-792-9997,
술집,나이스단란주점,제주특별자치도 서귀포시 신서로48번길 51-8,,
술집,초록물고기소주방,제주특별자치도 서귀포시 대정읍 하모항구로 74-1,,
술집,토리가라치킨스틱동홍점,제주특별자치도 서귀포시 동홍서로 96,064-901-7663,
와인바,하이프리플로트,제주특별자치도 서귀포시 남원읍 태위로679번길 10,,
술집,새벽길,제주특별자치도 서귀포시 대정읍 상모로 289,,
술집,작은성,제주특별자치도 서귀포시 이중섭로 19,,
"호프,요리주점",원더풀,제주특별자치도 서귀포시 중앙로47번길 1,,
술집,에스지중문,제주특별자치도 서귀포시 천제연로 200,064-739-4255,
와인바,홀그레인머스타드,제주특별자치도 서귀포시 대청로 12 상가동 1층 104호,010-5845-2450,
술집,수연,제주특별자치도 서귀포시 중정로61번길 30-1,064-763-8860,
와인바,칠링아웃샵 제주중문점,제주특별자치도 서귀포시 중문관광로 305,010-7353-9985,
"호프,요리주점",콩깍지,제주특별자치도 서귀포시 중앙로47번길 7,,
술집,벤츠,제주특별자치도 서귀포시 중앙로 25-3 2층,,
"호프,요리주점",하이델베르그,제주특별자치도 서귀포시 명동로 14 7층,,
술집,야끼,제주특별자치도 서귀포시 중정로91번길 10,,
"호프,요리주점",붐비어,제주특별자치도 서귀포시 표선면 표선중앙로 96,,
술집,정아소주방,제주특별자치도 서귀포시 대정읍 하모상가로 42,064-794-7494,
술집,별궁소주방,제주특별자치도 서귀포시 중정로91번길 41-1,064-733-9301,
"호프,요리주점",스위트호텔 엔트리,제주특별자치도 서귀포시 중문관광로72번길 67,064-735-9125,
술집,긴판때기,제주특별자치도 서귀포시 안덕면 사계북로 95,,
"호프,요리주점",노가리앤비어 남원점,제주특별자치도 서귀포시 남원읍 태위로 685,,
술집,빠박이포차,제주특별자치도 서귀포시 중앙로195번길 6,,
"호프,요리주점",안주,제주특별자치도 서귀포시 안덕면 신화역사로304번길 38,,
"호프,요리주점",런카페,제주특별자치도 서귀포시 명동로 53,,
술집,전국노래자랑,제주특별자치도 서귀포시 표선면 일주동로 6466,,
술집,신양귀비,제주특별자치도 서귀포시 중정로61번길 24,,
"호프,요리주점",신호등술집,제주특별자치도 서귀포시 상예로 15,,
술집,토닥토닥,제주특별자치도 서귀포시 표선면 일주동로 6466,,
술집,라이브카페레옹,제주특별자치도 서귀포시 표선면 민속해안로 580,,
"호프,요리주점",빅썸펍,제주특별자치도 서귀포시 남원읍 태위로 984-7 B동 1층,,
술집,퀸단란주점,제주특별자치도 서귀포시 남원읍 태위로 670,,
실내포장마차,주막,제주특별자치도 서귀포시 동문로 25-1,064-763-3288,
술집,사롬펍,제주특별자치도 서귀포시 하효중앙로 112,,
"호프,요리주점",사오정호프,제주특별자치도 서귀포시 천지로 24,064-762-5595,
술집,나무와별자리,제주특별자치도 서귀포시 표선면 표선중앙로 80,064-787-9935,
"호프,요리주점",배뽕끄랑,제주특별자치도 서귀포시 동홍남로 49,,
"호프,요리주점",물통호프,제주특별자치도 서귀포시 표선면 표선중앙로 104,,
술집,포세이돈단란주점,제주특별자치도 서귀포시 표선면 표선동서로 246,,
술집,춘자단란주점,제주특별자치도 서귀포시 대정읍 하모상가로 18-1,,
술집,예술,제주특별자치도 서귀포시 대정읍 영서중로 6,,
술집,올단란주점,제주특별자치도 서귀포시 표선면 표선동서로 252,,
"호프,요리주점",심야식당제주서녘,제주특별자치도 서귀포시 대정읍 영어도시로 74 1층,,
"호프,요리주점",제스펍,제주특별자치도 서귀포시 동홍중앙로 51,,
술집,디어프렌즈 호프Dear Friends,제주특별자치도 서귀포시 중앙로 198-20,,
술집,쎄븐,제주특별자치도 서귀포시 중앙로47번길 7,,
술집,불꽃단란주점,제주특별자치도 서귀포시 중정로91번길 30,,
분류,이름,주소,전화번호,대표사진주소
일본식주점,미친부엌,"제주특별자치도 제주시 탑동로 15 1,2층",064-721-6382,
일본식주점,닻,제주특별자치도 제주시 애월읍 하귀2리 2726,070-4147-2154,
"호프,요리주점",싱싱잇,제주특별자치도 제주시 한림읍 한림로 181,,
"호프,요리주점",동백별장,제주특별자치도 제주시 원노형3길 44,010-8885-7876,
일본식주점,가치,제주특별자치도 제주시 동한두기길 17 1층,010-8477-5945,
"호프,요리주점",맥파이 블루버드,"제주특별자치도 제주시 탑동로2길 7 1,2층",064-722-2849,
"호프,요리주점",정대,제주특별자치도 제주시 서광로32길 29-1 2층,,
일본식주점,청담이상 신제주점,제주특별자치도 제주시 원노형로 66 1층,064-712-4500,
일본식주점,우미노식탁,제주특별자치도 제주시 애월읍 금성5길 42-24,064-799-1343,
"호프,요리주점",달사막,제주특별자치도 제주시 조천읍 함덕로 26 1층,,
와인바,인디안썸머,제주특별자치도 제주시 애월읍 애월로4길 9,064-799-8444,
일본식주점,이자카야달,제주특별자치도 제주시 애월읍 가문동길 27-8,064-745-6009,
일본식주점,마이도,제주특별자치도 제주시 은남2길 35 1층,064-747-7972,
술집,브루클린 제주,제주특별자치도 제주시 애월읍 신엄연대길 30,064-799-1242,
일본식주점,심야식당 코나카,제주특별자치도 제주시 인다14길 28-12,010-6255-4665,
"호프,요리주점",화산2020,제주특별자치도 제주시 흥운길 85 1층,064-803-0332,
일본식주점,김씨술생활 제주협재점,제주특별자치도 제주시 한림읍 한림로 406 2층,010-9911-2583,
일본식주점,탐라요정,제주특별자치도 제주시 광양10길 21,010-6789-4867,
와인바,오늘와인한잔 연동점,제주특별자치도 제주시 신대로16길 44 1층,064-743-1912,
일본식주점,담이자카야,제주특별자치도 제주시 연동4길 36 뜨레모아9차아파트상가 1층,064-747-7910,
일본식주점,0626와흘,제주특별자치도 제주시 조천읍 와흘상서1길 4,010-7121-0626,
일본식주점,더 시그니처 이자카야,제주특별자치도 제주시 신광로 47 2층,0507-1359-6635,
실내포장마차,원님네포장마차,제주특별자치도 제주시 신대로10길 35,064-711-5080,
"호프,요리주점",빨간집 본점,제주특별자치도 제주시 광양13길 7 1층,064-723-1173,
"호프,요리주점",오지하우스호주식당,제주특별자치도 제주시 광양10길 26,064-757-8253,
"호프,요리주점",느루온,제주특별자치도 제주시 신설로9길 33 지하1층,010-3691-6749,
일본식주점,현,제주특별자치도 제주시 신형로 23 우주빌빌딩 2층,064-711-3600,
"호프,요리주점",언플러그,제주특별자치도 제주시 해안마을길 43 지하1층,,
"호프,요리주점",금능반지하,제주특별자치도 제주시 한림읍 금능9길 30 1층,010-6569-4337,
"호프,요리주점",올댓제주,제주특별자치도 제주시 중앙로1길 33,064-901-7893,
"호프,요리주점",역전할머니맥주 제주시청점,제주특별자치도 제주시 광양8길 4,064-752-7577,
"호프,요리주점",노가리앤비어 도남점,제주특별자치도 제주시 신성로10길 1,,
칵테일바,탱테일,제주특별자치도 제주시 원노형5길 19 1층 102호,010-4512-2555,
와인바,빅 디어,제주특별자치도 제주시 신성로12길 2 1층,010-8612-0465,
일본식주점,가로수길마루,제주특별자치도 제주시 애월읍 애월로 11,064-799-2929,
일본식주점,일상다반사,제주특별자치도 제주시 신대로12길 10 101호,064-747-9856,
일본식주점,빗소리,제주특별자치도 제주시 구좌읍 김녕로 151,,
일본식주점,술시,제주특별자치도 제주시 한림읍 협재2길 12 1층,010-2034-5765,
술집,더부즈 제주,제주특별자치도 제주시 노형11길 5-4,064-747-0045,
일본식주점,스나쿠타카,제주특별자치도 제주시 애월읍 일주서로 7063,064-711-7063,
와인바,바코,제주특별자치도 제주시 조천읍 선진길 83,064-782-6668,
술집,빨간집 제원점,제주특별자치도 제주시 신대로16길 51,064-727-8828,
"호프,요리주점",소앵븟,제주특별자치도 제주시 우정로8길 6 탐라하이츠빌 지하1층,070-4647-4699,
일본식주점,월령작야달의객잔,제주특별자치도 제주시 한림읍 월령3길 39-5 푸르다오션펜션 1층,010-8593-9976,
실내포장마차,노형포차,제주특별자치도 제주시 다랑곶5길 9 1층,064-747-7798,
"호프,요리주점",십오야,제주특별자치도 제주시 조천읍 신북로 506,010-4129-0866,
와인바,20세기 소년,제주특별자치도 제주시 동광로1길 2 1층,064-759-4451,
"호프,요리주점",역전할머니맥주 연동점,제주특별자치도 제주시 노연로 108 1층,064-742-9800,
"호프,요리주점",야해,제주특별자치도 제주시 노형11길 6 1층,064-746-7883,
"호프,요리주점",스톤아일랜드 탭하우스,제주특별자치도 제주시 삼무로7길 16 1층,,
"호프,요리주점",제주 귀덕 골방,제주특별자치도 제주시 한림읍 귀덕5길 33 1층 102호,0507-1341-3614,
와인바,옐로우돕,제주특별자치도 제주시 고마로16길 9,,
"호프,요리주점",쿠주,제주특별자치도 제주시 서광로32길 26-4 1층,064-721-3336,
실내포장마차,목수포차,제주특별자치도 제주시 애월읍 고내북동길 51-22,064-799-2080,
"호프,요리주점",1943,제주특별자치도 제주시 연동7길 38,,
"호프,요리주점",무시로,제주특별자치도 제주시 서광로32길 28-1 2층,,
"호프,요리주점",역전할머니맥주노형점,제주특별자치도 제주시 연북로 45,064-749-0099,
"호프,요리주점",곽지BAR다,제주특별자치도 제주시 애월읍 곽지1길 18 1층,,
"호프,요리주점",마담나탈리소셜클럽,제주특별자치도 제주시 한림읍 옹포2길 10,,
"호프,요리주점",협재1번가,제주특별자치도 제주시 한림읍 협재1길 1 1층,010-4510-4458,
칵테일바,말렛,제주특별자치도 제주시 노형11길 6 1층,0507-1408-7890,
실내포장마차,1970새마을포차 제주연동점,제주특별자치도 제주시 연동7길 38 2층,,
와인바,스크루지펍,제주특별자치도 제주시 국기로 44,070-8754-0001,
"호프,요리주점",김녕회관,제주특별자치도 제주시 구좌읍 김녕로 170,010-9398-8746,
"호프,요리주점",우미관,제주특별자치도 제주시 서광로32길 40-1,,
술집,애파소,제주특별자치도 제주시 애월읍 애월로 118 2층,064-799-0804,
"호프,요리주점",함덕487,제주특별자치도 제주시 조천읍 신북로 487 1층,064-782-0487,
"호프,요리주점",오늘술집주다방 제주연동점,제주특별자치도 제주시 신대로16길 52,,
일본식주점,이자까야 숲,제주특별자치도 제주시 신광로 59 2층,064-744-1684,
술집,일도가공,제주특별자치도 제주시 관덕로15길 9 1층,070-4647-1543,
와인바,라비에,제주특별자치도 제주시 신성로13길 17,,
와인바,수리코,제주특별자치도 제주시 한경면 조수설목1길 8,,
"호프,요리주점",제주주당,제주특별자치도 제주시 동광로17길 3 1층,064-901-6063,
"호프,요리주점",주민상회 제주노형점,제주특별자치도 제주시 다랑곶2길 12,,
"호프,요리주점",에스토에스디네로,제주특별자치도 제주시 구남로2길 32 1층,010-4339-6751,
와인바,내도음악상가,제주특별자치도 제주시 테우해안로 106 2층,0507-1338-9262,
"호프,요리주점",주력,제주특별자치도 제주시 서광로32길 16 1층,,
"호프,요리주점",호랑이,제주특별자치도 제주시 조천읍 신북로 506,010-9518-1611,
일본식주점,타니,제주특별자치도 제주시 신설로 40-11 1층,,
"호프,요리주점",짙은,제주특별자치도 제주시 도남로 46,,
"호프,요리주점",괜찮은술책,제주특별자치도 제주시 구좌읍 종달로 60-12 1층,,
실내포장마차,한신포차 제주연동점,제주특별자치도 제주시 신대로16길 49,064-747-1192,
일본식주점,기분,제주특별자치도 제주시 만덕로 9 1층,010-5440-5659,
술집,빨간집 연동점,제주특별자치도 제주시 신대로 126,064-747-7675,
"호프,요리주점",빨간집 아라점,제주특별자치도 제주시 중앙로 556,064-726-1378,
칵테일바,정글북바이앨리스,제주특별자치도 제주시 노연로 80 메종글래드 제주 2층,064-710-8246,
칵테일바,제주탑동골목,제주특별자치도 제주시 중앙로5길 13 1층,0507-1309-6417,
일본식주점,단또,제주특별자치도 제주시 신성로13길 32 1층단또,064-901-9131,
칵테일바,파라디스코 레트로퓨처,제주특별자치도 제주시 광양8길 17 1층,,
술집,미술집,제주특별자치도 제주시 원노형10길 32 1층,010-4810-6435,
와인바,오늘와인한잔 노형점,제주특별자치도 제주시 원노형남1길 24,064-745-3200,
실내포장마차,뻐꾸기 제주점,제주특별자치도 제주시 신성로13길 1,064-751-9995,
술집,더문,제주특별자치도 제주시 신대로16길 51,064-713-0607,
실내포장마차,성두길15포차,제주특별자치도 제주시 성두길 15 1층,,
"호프,요리주점",맵수다 노형점,제주특별자치도 제주시 월랑로 48,064-749-3355,
일본식주점,김씨술생활 제주함덕점,제주특별자치도 제주시 조천읍 함덕19길 7 3층,010-9443-5287,
실내포장마차,애월포차,제주특별자치도 제주시 애월읍 곽지9길 23 3층,,
칵테일바,아일랜드스톤,제주특별자치도 제주시 신성로13길 15,064-900-5486,
일본식주점,다미야,제주특별자치도 제주시 원노형6길 24,064-711-9253,
"호프,요리주점",혜안,제주특별자치도 제주시 해안마을10길 39 1층,064-743-0838,
"호프,요리주점",제주사자,제주특별자치도 제주시 도남로17길 21,,
오뎅바,간또 제주본점,제주특별자치도 제주시 연동7길 19,064-744-0901,
실내포장마차,고래밥,제주특별자치도 제주시 애월읍 애월로 93-1,,
"호프,요리주점",썬셋비치,제주특별자치도 제주시 한림읍 한림로 361 지하 1층,070-4898-1846,
"호프,요리주점",심야식당낭만혼술,제주특별자치도 제주시 신대로20길 1,0507-1308-5139,
"호프,요리주점",멜맥집,제주특별자치도 제주시 중앙로1길 41-1 1층,070-4251-4792,
실내포장마차,또올래실내포장마차,제주특별자치도 제주시 삼무로3길 14,064-747-2022,
"호프,요리주점",다찌,제주특별자치도 제주시 인다3길 8-2 1층,064-901-0808,
"호프,요리주점",역전할머니맥주 제주일도점,제주특별자치도 제주시 천수로9길 1,064-751-1982,
"호프,요리주점",호박이네,제주특별자치도 제주시 신광로10길 21 1층,064-744-6290,
"호프,요리주점",대한식당 연동점,제주특별자치도 제주시 삼무로 46 1층,064-900-2729,
"호프,요리주점",홍대부부,제주특별자치도 제주시 한림읍 협재4길 9,,
칵테일바,드링콩,제주특별자치도 제주시 한림읍 한림로 158,064-796-9110,
"호프,요리주점",혼디호프,제주특별자치도 제주시 고마로 130 1층,064-723-1831,
"호프,요리주점",제주우드펍,제주특별자치도 제주시 서해안로 348-1,,
"호프,요리주점",제주 화월랑,제주특별자치도 제주시 월랑로 50 지하1층,010-3288-9143,
"호프,요리주점",산전수전인생역전,제주특별자치도 제주시 은남길 40,064-746-5559,
"호프,요리주점",인쌩맥주 노형오거리점,제주특별자치도 제주시 다랑곶1길 9 1층,010-2692-0869,
"호프,요리주점",탭하우스더코너,제주특별자치도 제주시 도령로 27 베스트웨스턴제주호텔 1층,064-744-2007,
와인바,삼월,제주특별자치도 제주시 동문로2길 17-2,064-900-0340,
"호프,요리주점",빈대떡과사람덜,제주특별자치도 제주시 천수로6길 4,064-756-6669,
"호프,요리주점",홀스버드,제주특별자치도 제주시 고마로15길 2 2층,,
"호프,요리주점",1943 제주시청점,제주특별자치도 제주시 광양8길 7 2층,,
"호프,요리주점",호맥 일도점,제주특별자치도 제주시 고마로 151,064-751-1192,
"호프,요리주점",생활맥주 제주연동점,제주특별자치도 제주시 연동7길 40,064-712-7111,
"호프,요리주점",미우,제주특별자치도 제주시 신설로7길 27 1층,064-756-8600,
일본식주점,무지개,제주특별자치도 제주시 인다5길 20 1층,064-753-5336,
"호프,요리주점",2도비어 제주일도점,제주특별자치도 제주시 연수로3길 4 수양빌딩 1층,010-9354-8654,
"호프,요리주점",베라체,제주특별자치도 제주시 신설로11길 57,064-757-4994,
"호프,요리주점",역전할머니 제주삼화점,제주특별자치도 제주시 화삼북로 66,064-721-0268,
"호프,요리주점",또바기,제주특별자치도 제주시 정존13길 21,064-749-5348,
"호프,요리주점",상위호환,제주특별자치도 제주시 서광로32길 16-1 2층,070-4065-0167,
칵테일바,허클베리핀,제주특별자치도 제주시 노형5길 44 1층,064-742-1884,
"호프,요리주점",세리바,제주특별자치도 제주시 중앙로4길 1 1층,070-7543-5766,
일본식주점,산보,제주특별자치도 제주시 신대로14길 46,010-4511-1783,
술집,화사랑,제주특별자치도 제주시 서광로32길 10,,
"호프,요리주점",유피에스,제주특별자치도 제주시 광양14길 11 지하1층,064-723-1902,
일본식주점,오젠,제주특별자치도 제주시 고마로 123,064-900-4667,
칵테일바,우디집,제주특별자치도 제주시 동광로 97,,
"호프,요리주점",종달리엔심야식당,제주특별자치도 제주시 구좌읍 종달로7길 15,010-4470-5768,
"호프,요리주점",밀밭,제주특별자치도 제주시 수덕로 13,064-746-0058,
"호프,요리주점",황룡다이닝펍,제주특별자치도 제주시 우령8길 8 1층,064-902-9925,
와인바,제주멜즈,제주특별자치도 제주시 한림읍 협재1길 63,,
실내포장마차,번개포차,"제주특별자치도 제주시 연동9길 18 1,2층",,
"호프,요리주점",헬로프렌드,제주특별자치도 제주시 과원북2길 64,064-742-3050,
와인바,오늘와인한잔 제주시청점,제주특별자치도 제주시 서광로32길 14 1층,064-726-1555,
"호프,요리주점",서쪽밤,제주특별자치도 제주시 한림읍 한림로 336,064-796-8158,
와인바,일드뱅,제주특별자치도 제주시 신대로12길 56,064-745-1982,
"호프,요리주점",호맥,제주특별자치도 제주시 은남3길 34 1층,,
"호프,요리주점",녹두네,제주특별자치도 제주시 원노형로 42,064-713-4620,
"호프,요리주점",류빈,제주특별자치도 제주시 구남로6길 12,,
실내포장마차,화산양꼬치5호점,제주특별자치도 제주시 인다2길 36,064-727-5566,
술집,봉쟈블루스,제주특별자치도 제주시 구좌읍 해맞이해안로 1146-4,010-8858-3499,
일본식주점,청담이상 제주시청점,제주특별자치도 제주시 신성로13길 13,,
"호프,요리주점",탐라요정 신제주점,제주특별자치도 제주시 연동7길 31 2층,,
"호프,요리주점",할라산,제주특별자치도 제주시 신성로13길 27 지하 1층,,
와인바,소랑호게,제주특별자치도 제주시 한림읍 한림로 414-1,070-4151-3054,
"호프,요리주점",봉구통닭제주인제점,제주특별자치도 제주시 연수로3길 4,064-759-5953,
"호프,요리주점",월정리곳간,제주특별자치도 제주시 구좌읍 해맞이해안로 584-2,010-4775-5891,
"호프,요리주점",역전할머니맥주 외도점,제주특별자치도 제주시 우령2길 24,064-712-7624,
"호프,요리주점",역전할머니맥주 제주아라점,제주특별자치도 제주시 중앙로 576,,
"호프,요리주점",노가리앤비어 제주이도이동점,제주특별자치도 제주시 구남동2길 39 1층,,
"호프,요리주점",석인장,제주특별자치도 제주시 삼성로 108,,
실내포장마차,야시장,제주특별자치도 제주시 신산로 37,064-702-3271,
"호프,요리주점",맛있는온도,제주특별자치도 제주시 연수로5길 4,064-723-6995,
칵테일바,엘플로리디타,제주특별자치도 제주시 구좌읍 세화1길 39 1층,064-782-4447,
와인바,그라빠,제주특별자치도 제주시 구좌읍 월정5길 18-1 1동 1층 1호,010-5615-4757,
술집,제주한잔세화,제주특별자치도 제주시 구좌읍 세평항로 44,064-799-5575,
실내포장마차,주민상회 제주아라점,제주특별자치도 제주시 인다6길 61 1층,064-722-5087,
"호프,요리주점",노가리앤비어 제주노형점,제주특별자치도 제주시 월랑로10길 21,,
"호프,요리주점",디케이,제주특별자치도 제주시 광양10길 13 지하1층,,
일본식주점,제주잔마이,제주특별자치도 제주시 신대로18길 56 1층,064-743-1222,
"호프,요리주점",지하,제주특별자치도 제주시 광양14길 7 지하1층,064-759-4279,
와인바,오늘와인한잔 제주아라점,제주특별자치도 제주시 인다2길 36,,
"호프,요리주점",달맥,제주특별자치도 제주시 광양13길 6-2 1층,,
"호프,요리주점",라이프,제주특별자치도 제주시 원노형2길 28,064-711-7065,
"호프,요리주점",주다방 제원점,제주특별자치도 제주시 신대로16길 52 2층,,
실내포장마차,포차천국 제주시청점,제주특별자치도 제주시 광양14길 14 2층,064-755-1090,
칵테일바,웨이브제이,제주특별자치도 제주시 연동7길 24 3층,,
"호프,요리주점",탁탁,제주특별자치도 제주시 동광로6길 29-1,064-721-6068,
"호프,요리주점",프렙제주,제주특별자치도 제주시 중앙로 28 4층,064-753-0005,
술집,이가집,제주특별자치도 제주시 한림읍 한림해안로 7,,
일본식주점,경성주막1929 제주시청점,제주특별자치도 제주시 신성로13길 14-1 2층,064-756-0200,
"호프,요리주점",가리비안의해적,제주특별자치도 제주시 한림읍 한림로 335,,
"호프,요리주점",알콜달콜,제주특별자치도 제주시 원노형로 22,064-747-7942,
술집,크리스피201,제주특별자치도 제주시 한림읍 한림로 201,064-796-2012,
술집,도란포차,제주특별자치도 제주시 신성로13길 30 2층,010-7458-5599,
실내포장마차,대한식당 신시가지점,제주특별자치도 제주시 국기로 52 1층,064-902-9755,
와인바,슈퍼보틀 협재그루브점,제주특별자치도 제주시 한림읍 한림로 333 GROOV 1층,0507-1433-6626,
"호프,요리주점",치맥집,제주특별자치도 제주시 서사로 133,064-759-9219,
와인바,오늘와인한잔 삼화점,제주특별자치도 제주시 화삼북로 66 1층,,
"호프,요리주점",풍채,제주특별자치도 제주시 광양13길 6-5,064-724-4602,
"호프,요리주점",요이땅삐삐,제주특별자치도 제주시 한경면 고산로 15,010-5009-6194,
와인바,제주방앗간,제주특별자치도 제주시 신설로9길 35,,
와인바,숨,제주특별자치도 제주시 대동길 18 우드 인테리어 건물,010-4343-2622,
일본식주점,하쿠다,제주특별자치도 제주시 조천읍 신북로 564,,
"호프,요리주점",더짝 제원점,제주특별자치도 제주시 신대로14길 48,064-746-4601,
일본식주점,미묘,제주특별자치도 제주시 신설로4길 3 1층,010-9911-7854,
"호프,요리주점",인쌩맥주 시청점,제주특별자치도 제주시 신성로13길 2,,
"호프,요리주점",럭키라운지펍,제주특별자치도 제주시 중앙로 222 7층,064-726-7277,
일본식주점,하루나,제주특별자치도 제주시 한라대학로 97 1층,,
"호프,요리주점",다빈장,제주특별자치도 제주시 애월읍 신엄안3길 115 다빈장,010-3017-2094,
술집,백스비어 제주아라이동점,제주특별자치도 제주시 승천로 57,064-721-7900,
"호프,요리주점",꼬치에꼬치다,제주특별자치도 제주시 서광로32길 16 3층,070-8885-4282,
실내포장마차,1970새마을포차 제주시청점,제주특별자치도 제주시 신성로13길 22,1811-8058,
"호프,요리주점",카페더비어,제주특별자치도 제주시 신설로7길 7,064-753-7451,
술집,애월관,제주특별자치도 제주시 애월읍 애월로2길 7 2층,,
술집,청보리,제주특별자치도 제주시 연동4길 29,064-712-8806,
와인바,케이브와인샵&바,제주특별자치도 제주시 1100로 3230 1층,064-747-7323,
"호프,요리주점",데코보코,제주특별자치도 제주시 관덕로17길 15,,
칵테일바,슈퍼두펍,제주특별자치도 제주시 조천읍 신북로 471,064-784-0611,
"호프,요리주점",와썹,제주특별자치도 제주시 애월읍 곽지1길 30,,
술집,참스큐도두점,제주특별자치도 제주시 도공로 10-1,064-745-9889,
술집,하귀포장마차,제주특별자치도 제주시 애월읍 항몽로 27,064-743-3592,
실내포장마차,만장일치,제주특별자치도 제주시 탑동로 31-1,064-726-2107,
"호프,요리주점",무스비,제주특별자치도 제주시 구남로8길 22,064-758-0311,
"호프,요리주점",김복남맥주 노형점,제주특별자치도 제주시 월랑로 15,070-8900-2225,
"호프,요리주점",여가,제주특별자치도 제주시 서광로32길 26 2층,010-7327-3210,
술집,둥지,제주특별자치도 제주시 신대로14길 50,064-712-1512,
"호프,요리주점",역전할머니맥주 제주신산점,제주특별자치도 제주시 신산로 22,064-758-0005,
"호프,요리주점",제주드림타워 포차,제주특별자치도 제주시 노연로 12,064-907-1234,
"호프,요리주점",주민상회 신제주점,제주특별자치도 제주시 원노형6길 31,010-7405-1967,
"호프,요리주점",금별맥주 제주시청점,제주특별자치도 제주시 신성로13길 9,,
칵테일바,구피풋,제주특별자치도 제주시 광양10길 11 지하 1층,070-4177-4173,
일본식주점,세화야,제주특별자치도 제주시 구좌읍 세평항로 38 1층,064-784-8744,
일본식주점,카도 본점,제주특별자치도 제주시 신대로16길 41,,
"호프,요리주점",크라운호프 제주연동점,제주특별자치도 제주시 신대로 125,,
"호프,요리주점",퐁낭그늘,제주특별자치도 제주시 성신로 30 1층,064-749-5792,
"호프,요리주점",노형슈퍼,제주특별자치도 제주시 원노형8길 18,,
"호프,요리주점",통통시장,제주특별자치도 제주시 연삼로 541,070-7537-3320,
와인바,나탈리와인하우스,제주특별자치도 제주시 한림읍 옹포2길 10,064-796-8636,
"호프,요리주점",페페로니비어,제주특별자치도 제주시 승천로 62 1층,,
칵테일바,블루포밍,제주특별자치도 제주시 한림읍 귀덕1길 32,010-2973-3429,
칵테일바,엠제이바,제주특별자치도 제주시 관덕로 41 1층,,
"호프,요리주점",무시로 인제점,제주특별자치도 제주시 연수로3길 5 반지하1층,,
술집,소동주막,제주특별자치도 제주시 조천읍 함덕로 32 2동 1층,010-6530-6362,
실내포장마차,칠성포차,제주특별자치도 제주시 광양8길 7,064-755-6777,
와인바,원스몰글라스,제주특별자치도 제주시 서광로32길 27-3 2층,,
일본식주점,긴자,제주특별자치도 제주시 신광로8길 30-1,064-747-4678,
실내포장마차,더팔당제주,제주특별자치도 제주시 신대로16길 44,064-745-5552,
"호프,요리주점",경성술집 제주아라점,제주특별자치도 제주시 인다10길 40,064-722-1616,
"호프,요리주점",세화상회,제주특별자치도 제주시 구좌읍 구좌로 91 1층,064-784-4553,
술집,에이어,제주특별자치도 제주시 고마로17길 11 지하1층,070-8844-5589,
술집,온에어,제주특별자치도 제주시 우정로12길 3 1층,064-713-6875,
일본식주점,쿠야,제주특별자치도 제주시 연동11길 39 1층,,
"호프,요리주점",달빛낙원,제주특별자치도 제주시 관덕로9길 11 1층,070-8147-9992,
술집,달고둥,제주특별자치도 제주시 구좌읍 세평항로 28 1층,010-4499-1588,
일본식주점,케무리,제주특별자치도 제주시 삼무로 41 1층 상가,010-3835-1896,
와인바,맨더린,제주특별자치도 제주시 제원길 41 5층,064-712-4545,
와인바,신라스테이 제주 바,제주특별자치도 제주시 노연로 100 1층,064-717-9106,
"호프,요리주점",펍아지트,제주특별자치도 제주시 조천읍 신북로 643 1층,064-783-0911,
칵테일바,블랙보틀,제주특별자치도 제주시 광양13길 6 2층,010-7679-7674,
칵테일바,도립,제주특별자치도 제주시 구좌읍 행원로7길 23-20,,
실내포장마차,애월파티장 설레임,제주특별자치도 제주시 애월읍 곽지9길 23,010-5673-6431,
"호프,요리주점",임창정의소주한잔 제주시청점,제주특별자치도 제주시 서광로32길 14 1층,064-726-1555,
"호프,요리주점",노가리앤비어 제주삼화지구점,제주특별자치도 제주시 건주로4길 10-4 1층,064-756-5252,
"호프,요리주점",수월,제주특별자치도 제주시 한경면 고산로 26-1 1층,,
"호프,요리주점",노가리앤비어 한라대점,제주특별자치도 제주시 1100로 3213-27,,
"호프,요리주점",만경,제주특별자치도 제주시 광양13길 6-2,064-755-4794,
"호프,요리주점",웨알프맥주집,제주특별자치도 제주시 조천읍 조함해안로 486 1층,,
"호프,요리주점",꼬까삐,제주특별자치도 제주시 도남로7길 46,064-757-5799,
술집,딩동댕,제주특별자치도 제주시 테우해안로 148 2층,064-748-3539,
일본식주점,안트레,제주특별자치도 제주시 서해안로 204 해든호텔 1층,010-9196-7104,
"호프,요리주점",주영,제주특별자치도 제주시 신설로11길 13 1층,010-9852-8897,
"호프,요리주점",문전성시,제주특별자치도 제주시 신성로13길 17-1,064-755-0039,
"호프,요리주점",스와니호프하우스,제주특별자치도 제주시 노형11길 19-4 1층,064-713-0596,
"호프,요리주점",모던뽀이,제주특별자치도 제주시 신성로13길 4 3층,010-4016-1052,
술집,1987루프탑라운지 연동점,제주특별자치도 제주시 연동7길 38 스타프라자 6층,064-749-1987,
와인바,스탁,제주특별자치도 제주시 원노형10길 34 1층,010-2690-3795,
"호프,요리주점",민스펍,제주특별자치도 제주시 노형10길 10 1층,,
실내포장마차,구제주포차,제주특별자치도 제주시 중앙로 13,,
"호프,요리주점",달페이지투,제주특별자치도 제주시 구남동2길 28,064-702-8220,
"호프,요리주점",포커페이스홀덤펍 노형점,제주특별자치도 제주시 원노형6길 29 2층,,
칵테일바,곶 미디어라운지,제주특별자치도 제주시 탑동로 17 지하 1층,,
술집,송가네낙지,제주특별자치도 제주시 한경면 두신로 76,064-772-0200,
"호프,요리주점",월정돌담,제주특별자치도 제주시 구좌읍 월정1길 63,,
"호프,요리주점",탐라에일,제주특별자치도 제주시 한림읍 광산로 491-2,064-904-1031,
일본식주점,일월 이자카야,제주특별자치도 제주시 신성로13길 4 2층,,
술집,별헤는밤,제주특별자치도 제주시 전농로 28-1,,
실내포장마차,작은술상,제주특별자치도 제주시 서광로32길 18 2층,064-724-6590,
와인바,에디손,제주특별자치도 제주시 한림읍 협재8길 20 휴먼스테이 1층 101호,010-3634-8190,
일본식주점,준,제주특별자치도 제주시 국기로 6,064-747-9961,
"호프,요리주점",노가리앤비어 노형2호점,제주특별자치도 제주시 수덕7길 21,,
"호프,요리주점",코코테로1996,제주특별자치도 제주시 조천읍 조함해안로 528 1층,,
실내포장마차,포차또랑,제주특별자치도 제주시 광양10길 6 2층,064-900-6328,
"호프,요리주점",2도비어 이도점,제주특별자치도 제주시 신설로7길 25 1층,064-723-3343,
"호프,요리주점",포커페이스 홀덤펍,제주특별자치도 제주시 신광로 63 2층,,
오뎅바,투다리 노형정한점,제주특별자치도 제주시 원노형로 26,064-713-7812,
실내포장마차,주민상회 제주도남점,제주특별자치도 제주시 도남로 49 1층,,
실내포장마차,주민상회 제주제원점,제주특별자치도 제주시 신대로16길 45,,
"호프,요리주점",그레_,제주특별자치도 제주시 인다2길 45,,
"호프,요리주점",주민상회 하귀점,제주특별자치도 제주시 애월읍 하광로 46,070-5056-3003,
실내포장마차,빙고25,제주특별자치도 제주시 사장1길 33,064-900-2777,
술집,붐바펍,제주특별자치도 제주시 한림읍 협재2길 10-1 2층,064-796-9495,
"호프,요리주점",간또 일도점,제주특별자치도 제주시 고마로 145-1,064-726-3300,
실내포장마차,요망,제주특별자치도 제주시 조천읍 신북로 536-1 2층,010-6661-0802,
와인바,플러키,제주특별자치도 제주시 남광로 56 1층,010-2716-0720,
"호프,요리주점",회장님댁,"제주특별자치도 제주시 서광로32길 31 1,2층",064-757-0897,
"호프,요리주점",나도섬이다,제주특별자치도 제주시 조천읍 신북로 521,,
"호프,요리주점",크라운호프 도남점,제주특별자치도 제주시 청사로 85,,
실내포장마차,구남로7길,제주특별자치도 제주시 구남로7길 31,064-755-8090,
"호프,요리주점",장모술상,제주특별자치도 제주시 우정로11길 14,064-747-4307,
"호프,요리주점",구멍가게,제주특별자치도 제주시 조천읍 함덕14길 2 1층,,
실내포장마차,이디가카,제주특별자치도 제주시 진남로6길 14,,
일본식주점,무한사케무사 제주삼화점,제주특별자치도 제주시 건주로4길 34,064-722-4779,
"호프,요리주점",괸당네파전,제주특별자치도 제주시 동광로6길 13 1층,064-724-7580,
"호프,요리주점",함덕주막,제주특별자치도 제주시 조천읍 함덕로 20 1층,,
"호프,요리주점",비어브로,제주특별자치도 제주시 승천로 62,064-723-0062,
"호프,요리주점",무지개맥주 서사라점,제주특별자치도 제주시 서광로 221,,
실내포장마차,무한질주,제주특별자치도 제주시 광양10길 5 2층,064-725-1322,
"호프,요리주점",모이자,제주특별자치도 제주시 신성로 37,064-702-8181,
"호프,요리주점",쪽갈비와친구들 연동점,제주특별자치도 제주시 성신로2길 25 1층 102호,070-8900-3900,
"호프,요리주점",크라운호프 제주일도지구점,제주특별자치도 제주시 연수로3길 3,,
실내포장마차,인생건어물,제주특별자치도 제주시 정존11길 31,,
"호프,요리주점",슈에뜨펍,제주특별자치도 제주시 중앙로 236 3층,064-702-0604,
실내포장마차,황금알포차,제주특별자치도 제주시 도두항서7길 2,,
술집,주당,제주특별자치도 제주시 동광로17길 3,,
"호프,요리주점",이제막걸리마실때가됐다수월,제주특별자치도 제주시 일주동로 379,064-725-1073,
"호프,요리주점",크라운호프 제주아라점,제주특별자치도 제주시 아란7길 3-3,064-753-6250,
실내포장마차,아라포차,제주특별자치도 제주시 중앙로 573,064-758-5285,
일본식주점,하쿠나마타타,제주특별자치도 제주시 구좌읍 월정중길 23 1층,010-5873-2455,
"호프,요리주점",랜돌프비어 시청점,제주특별자치도 제주시 신성로13길 27,,
칵테일바,위키맨더라운지,제주특별자치도 제주시 임항로 28 체크인호텔 9층,,
술집,애월 우드나잇,제주특별자치도 제주시 애월읍 애월리 1687 2동,010-2760-5557,
일본식주점,먹주,제주특별자치도 제주시 신성로13길 1 2층,,
"호프,요리주점",펭귄맥주,제주특별자치도 제주시 구산로 22-7 1층 102호,010-4882-2207,
"호프,요리주점",썬더치킨 일도고마로점,제주특별자치도 제주시 고마로5길 2,064-722-8281,
"호프,요리주점",오군뮤직타운,제주특별자치도 제주시 조천읍 신북로 523,064-901-5953,
실내포장마차,팔도실비집 제주아라점,제주특별자치도 제주시 중앙로 581 A동 1층,,
술집,행원쌀롱,제주특별자치도 제주시 구좌읍 행원로5길 25,,
술집,반주,제주특별자치도 제주시 성신로1길 21 2층,,
"호프,요리주점",이로운술상,제주특별자치도 제주시 조천읍 함덕16길 44,,
"호프,요리주점",달빛주점,제주특별자치도 제주시 정존9길 37,064-745-0789,
칵테일바,히치하이커스 라운지,제주특별자치도 제주시 서광로32길 19 지하1층,,
"호프,요리주점",대정몽생이,제주특별자치도 제주시 서광로13길 7,064-725-9747,
실내포장마차,또올레포차,제주특별자치도 제주시 신성로 80,064-722-4006,
"호프,요리주점",공룡슈퍼 제주시청점,제주특별자치도 제주시 광양8길 7 2층,,
"호프,요리주점",태양상회,제주특별자치도 제주시 중앙로2길 31,,
실내포장마차,남매포차,제주특별자치도 제주시 신산로 34-1,064-755-2166,
"호프,요리주점",쪽갈비와친구들 이도점,제주특별자치도 제주시 신설로11길 43 103호,070-8900-0900,
와인바,태희보데가,제주특별자치도 제주시 한림읍 한림로 635,064-796-0635,
오뎅바,투다리 전농점,제주특별자치도 제주시 전농로 34,064-757-2443,
술집,마지노선,제주특별자치도 제주시 원당로3길 26 1층,,
"호프,요리주점",모해2017,제주특별자치도 제주시 인다6길 43 1층,,
"호프,요리주점",PUB섬노예,제주특별자치도 제주시 구좌읍 세화2길 3,,
"호프,요리주점",봉구비어 제주노형점,제주특별자치도 제주시 다랑곶1길 16,064-712-6889,
"호프,요리주점",도남그집,제주특별자치도 제주시 독짓골2길 9 1층,064-755-1400,
"호프,요리주점",지금보고싶다 제주시청점,제주특별자치도 제주시 광양8길 1-2 1층,,
"호프,요리주점",탄트라,제주특별자치도 제주시 애월읍 애월해안로 394 지하2층,,
실내포장마차,도두포차,제주특별자치도 제주시 서해안로 146,064-744-4275,
실내포장마차,솔비,제주특별자치도 제주시 삼무로3길 38,064-711-6696,
술집,월야수,제주특별자치도 제주시 임항로 17,,
"호프,요리주점",순정감자 제주시직영점,제주특별자치도 제주시 서광로32길 27-5,,
술집,지지고부치고,제주특별자치도 제주시 연동11길 33,,
"호프,요리주점",우동수크래프트,제주특별자치도 제주시 광양10길 26,064-757-8253,
"호프,요리주점",노가리앤비어 제주시청점,제주특별자치도 제주시 광양8길 6 1층,064-751-3119,
"호프,요리주점",팔구칠야시장 제원점,제주특별자치도 제주시 신대로16길 44 2층,064-711-6786,
실내포장마차,사나포차 연동점,제주특별자치도 제주시 연동8길 21,064-747-8894,
"호프,요리주점",짚동가리쌩주 제주노형점,제주특별자치도 제주시 월랑로10길 2 2층,064-743-2170,
"호프,요리주점",우도대학,제주특별자치도 제주시 우도면 우도로 149 2층,064-784-2467,
"호프,요리주점",불깡,제주특별자치도 제주시 중앙로2길 41,064-724-8737,
"호프,요리주점",노가리앤비어 제주이도1동점,제주특별자치도 제주시 동광로 39,064-721-6363,
칵테일바,BAR나나,제주특별자치도 제주시 탑동로 18,,
오뎅바,투다리 대학사로점,"제주특별자치도 제주시 신성로13길 16-1 1,2층",064-722-3417,
실내포장마차,푸른바다회포차,제주특별자치도 제주시 수덕7길 47,064-746-8844,
일본식주점,오토코,제주특별자치도 제주시 신대로18길 48,064-742-2313,
"호프,요리주점",썬세계주류맥주,제주특별자치도 제주시 삼무로 62,064-900-9253,
"호프,요리주점",뉴욕야시장 제주시청점,제주특별자치도 제주시 서광로32길 15 1층,064-721-5792,
"호프,요리주점",바나나껍데기,제주특별자치도 제주시 은남2길 30,064-745-0507,
"호프,요리주점",노가리앤비어,제주특별자치도 제주시 삼무로7길 40,,
"호프,요리주점",노가리앤비어 아라점,제주특별자치도 제주시 아란9길 6-5,064-752-1113,
"호프,요리주점",장미맨숀 제주시청점,제주특별자치도 제주시 신성로13길 5 2층,,
실내포장마차,마징가포차 안정희갤러리,제주특별자치도 제주시 신광로6길 25 제원상가 2층 206호,064-713-5624,
실내포장마차,오늘여기,제주특별자치도 제주시 신대로16길 42 1층,,
"호프,요리주점",주민상회 제주한라대점,제주특별자치도 제주시 진군길 50 1층,070-8900-5461,
실내포장마차,팔도실비집 제주노형점,제주특별자치도 제주시 월랑로 29,064-713-6001,
"호프,요리주점",제주밤밤,제주특별자치도 제주시 수덕로 33 1층,064-711-9930,
실내포장마차,탑동실내포장마차,제주특별자치도 제주시 중앙로 27,064-724-1501,
와인바,엘로우돕,제주특별자치도 제주시 고마로16길 9,,
"호프,요리주점",불난술집 제주제원점,제주특별자치도 제주시 신대로14길 51 1층,064-747-7774,
"호프,요리주점",주민상회 제주일도점,제주특별자치도 제주시 고마로 98,,
"호프,요리주점",형제술상,제주특별자치도 제주시 원노형로 93,,
"호프,요리주점",시청골목집,제주특별자치도 제주시 서광로32길 39-3,,
"호프,요리주점",역전할머니맥주,제주특별자치도 제주시 조천읍 신북로 524,064-783-0680,
"호프,요리주점",제주슈프림,제주특별자치도 제주시 애월읍 애월로2길 7 3층,,
실내포장마차,주민상회 제주외도점,제주특별자치도 제주시 우정로13길 7,064-747-1023,
일본식주점,사요나라히토리,제주특별자치도 제주시 광양8길 7,,
"호프,요리주점",봉구비어 제주시청점,제주특별자치도 제주시 서광로32길 15 2층,064-725-1255,
"호프,요리주점",옛날그집,제주특별자치도 제주시 고마로 32,064-758-0720,
"호프,요리주점",은남3길,제주특별자치도 제주시 은남3길 32 1층,,
"호프,요리주점",드렁큰디제이,제주특별자치도 제주시 애월읍 가문동길 41-2 2층,064-744-2154,
"호프,요리주점",다사랑치킨피자 신제주점,제주특별자치도 제주시 노연로 48 1층,064-743-5582,
술집,포비게러지,제주특별자치도 제주시 과원로 63,,
술집,퍼스트스톤,제주특별자치도 제주시 노형12길 23,,
"호프,요리주점",칠칠팜,제주특별자치도 제주시 신산로 61,064-901-2774,
"호프,요리주점",수라수라,제주특별자치도 제주시 진군길 40,064-711-7782,
"호프,요리주점",모다정민속주점,제주특별자치도 제주시 구남로 38,064-727-8572,
"호프,요리주점",차우,제주특별자치도 제주시 구좌읍 월정1길 10,,
"호프,요리주점",토대력 로데오점,제주특별자치도 제주시 신대로14길 48,064-742-0500,
일본식주점,별이빛나는밤,제주특별자치도 제주시 신성로 19 1층,,
"호프,요리주점",나와바리,제주특별자치도 제주시 조천읍 신촌북2길 33 1층,,
"호프,요리주점",박군포차,제주특별자치도 제주시 신대로16길 44,,
술집,수다 카페&바,제주특별자치도 제주시 신대로14길 32 1층,064-744-7474,
일본식주점,숯불꼬치미인,제주특별자치도 제주시 월랑로4길 25,064-712-2846,
술집,셔츠 카페&바,제주특별자치도 제주시 신대로14길 29,,
"호프,요리주점",포차드애월,제주특별자치도 제주시 애월읍 애월해안로 390,,
"호프,요리주점",공간,제주특별자치도 제주시 신성로13길 13-1,,
"호프,요리주점",월간맥주 제주노형점,제주특별자치도 제주시 월랑로10길 15,064-742-6762,
실내포장마차,주민상회 제주한림점,제주특별자치도 제주시 한림읍 한림중앙로 31,,
"호프,요리주점",29퀴진,제주특별자치도 제주시 정존11길 22,070-7543-3600,
"호프,요리주점",미소펍,제주특별자치도 제주시 관덕로 41,,
술집,술판,제주특별자치도 제주시 광양14길 1 2층,,
"호프,요리주점",노란주전자,제주특별자치도 제주시 수덕5길 6,064-748-3788,
"호프,요리주점",홍대어부,제주특별자치도 제주시 한림읍 한림로 380 1층,,
"호프,요리주점",낭만노가리 용담점,제주특별자치도 제주시 용담로 50 1층,0507-1342-4411,
"호프,요리주점",리오,제주특별자치도 제주시 수덕9길 81-6,,
일본식주점,꼬지사께 제주아라점,제주특별자치도 제주시 중앙로 576,064-759-3791,
실내포장마차,싱싱포차,제주특별자치도 제주시 신대로12길 37-1,064-747-7886,
술집,쑤니에7080,제주특별자치도 제주시 서해안로 648,064-748-8259,
"호프,요리주점",완벽한인생 제주노형점,제주특별자치도 제주시 원노형남1길 33 1층,064-712-9545,
"호프,요리주점",톡순,제주특별자치도 제주시 연동7길 30,064-745-0118,
"호프,요리주점",안트래,제주특별자치도 제주시 연동13길 16,064-747-3322,
와인바,까사,제주특별자치도 제주시 동광로6길 9 1층,010-9487-8100,
실내포장마차,광삼식당앤포차,제주특별자치도 제주시 애월읍 하광로 291 1층,064-747-1231,
일본식주점,꼬지사께 제주연동점,제주특별자치도 제주시 국기로4길 1,064-721-5090,
"호프,요리주점",참새와방앗간,제주특별자치도 제주시 연동4길 16,064-711-2248,
실내포장마차,주민상회 제주신광점,제주특별자치도 제주시 성신로1길 25 1층,070-8277-5461,
실내포장마차,79대포 제주시청점,제주특별자치도 제주시 광양10길 3,010-2062-7548,
"호프,요리주점",주식회사,제주특별자치도 제주시 평전길 13,064-721-6911,
일본식주점,코치아쿠,제주특별자치도 제주시 한림읍 한림로 496 1호,010-5434-6260,
술집,301호,제주특별자치도 제주시 서광로32길 15 3층,,
"호프,요리주점",월하독작,제주특별자치도 제주시 한림읍 협재6길 5-2 2층,0507-1474-1327,
"호프,요리주점",크라운호프 제주시청점,제주특별자치도 제주시 광양8길 4,,
칵테일바,머큐리,제주특별자치도 제주시 국기로2길 3,,
술집,이디주,제주특별자치도 제주시 신성로14길 5,,
술집,무시로 별관,제주특별자치도 제주시 서광로32길 29,010-2691-5199,
실내포장마차,빈대떡신사,제주특별자치도 제주시 다랑곶4길 17,064-745-8247,
와인바,머믈,제주특별자치도 제주시 연동4길 16 1층,,
실내포장마차,팔도실비집 삼화점,제주특별자치도 제주시 건주로4길 10-4 1층 101호,064-723-8585,
"호프,요리주점",2도비어 제주연동점,제주특별자치도 제주시 신광로10길 22,064-747-3458,
실내포장마차,인생포차,제주특별자치도 제주시 연문4길 17 1층,064-742-2057,
"호프,요리주점",고집정지부엌,제주특별자치도 제주시 월랑로4길 34 1층,070-4064-8810,
술집,퍼스트바,제주특별자치도 제주시 연동7길 28,,
"호프,요리주점",숲노을,제주특별자치도 제주시 산천단동3길 15,064-724-4719,
"호프,요리주점",오늘펍,제주특별자치도 제주시 구남로6길 24,064-901-2013,
술집,오멍가멍술한잔,제주특별자치도 제주시 전농로 44,064-753-7118,
"호프,요리주점",상구비어 노형점,제주특별자치도 제주시 월랑로10길 12,,
와인바,평대베를린,제주특별자치도 제주시 구좌읍 평대2길 39-37,0507-1334-5055,
"호프,요리주점",슬립퍼,제주특별자치도 제주시 전농로 75-1 2층,,
실내포장마차,호야네 시내포장마차,제주특별자치도 제주시 서광로26길 4,064-724-6678,
"호프,요리주점",한남동그집 제주이도점,제주특별자치도 제주시 중앙로 281,,
칵테일바,K100,제주특별자치도 제주시 신광로 48 지하1층,064-746-0508,
"호프,요리주점",짚동가리쌩주 제주시청점,제주특별자치도 제주시 신성로13길 6 1~2층,064-752-8188,
실내포장마차,오도롱포장마차,제주특별자치도 제주시 오도2길 2,,
"호프,요리주점",술이술술,제주특별자치도 제주시 다랑곶길 27,064-745-7080,
"호프,요리주점",모퉁이를비추는해,제주특별자치도 제주시 인다6길 43,,
"호프,요리주점",어드레감수강,제주특별자치도 제주시 다랑곶4길 25,064-743-7648,
오뎅바,투다리 신제주점,제주특별자치도 제주시 신대로16길 52,064-744-1074,
"호프,요리주점",모꼬지,제주특별자치도 제주시 신설로7길 6 1층,064-900-1090,
"호프,요리주점",노가리앤비어 하귀점,제주특별자치도 제주시 애월읍 하귀9길 56,,
칵테일바,킹바,제주특별자치도 제주시 노연로 139,,
실내포장마차,고씨회관,제주특별자치도 제주시 신대로14길 49,,
"호프,요리주점",생각의숲생각의술,제주특별자치도 제주시 동광로 5,,
술집,디앤,제주특별자치도 제주시 광양14길 8,064-759-7779,
"호프,요리주점",칠성통선술집,제주특별자치도 제주시 관덕로11길 8-3,064-753-0920,
"호프,요리주점",세화에서소주한잔,제주특별자치도 제주시 구좌읍 세화3길 6,064-782-1908,
실내포장마차,국대포차 제주1호삼화점,제주특별자치도 제주시 동화로1길 53-12,064-756-9809,
"호프,요리주점",야미야미,제주특별자치도 제주시 한림읍 명랑로 10,064-796-9199,
실내포장마차,포차스토리,제주특별자치도 제주시 우정로13길 5,064-711-7522,
일본식주점,쿠루쿠루,제주특별자치도 제주시 연오로 59 이룸빌딩 1층,070-4001-3223,
"호프,요리주점",달빛무리,제주특별자치도 제주시 삼무로3길 18,064-747-1003,
실내포장마차,심심포차,제주특별자치도 제주시 동고산로 38-2 1층,,
"호프,요리주점",확끌리네,제주특별자치도 제주시 도남로15길 18,064-721-1973,
술집,와이바,제주특별자치도 제주시 국기로2길 5,,
술집,보편적인노래,제주특별자치도 제주시 제원길 14 2층,064-747-1474,
"호프,요리주점",트로이 홀덤펍,제주특별자치도 제주시 원노형로 22 2충,010-7473-1203,
"호프,요리주점",달아별아,제주특별자치도 제주시 가령로4길 26,064-725-5256,
실내포장마차,마마포차,제주특별자치도 제주시 한경면 고산로 23 1층,064-773-7230,
일본식주점,제주애락,제주특별자치도 제주시 구좌읍 해맞이해안로 518,,
"호프,요리주점",꼬추,제주특별자치도 제주시 오복4길 10 1층,,
"호프,요리주점",인동마을7080,제주특별자치도 제주시 삼무로 61,064-747-8817,
와인바,pp,제주특별자치도 제주시 구남동2길 45-17,,
실내포장마차,해산물포차,제주특별자치도 제주시 서광로32길 23,064-721-6633,
술집,소나이포차,제주특별자치도 제주시 애월읍 곽지5길 21,,
"호프,요리주점",호맥 시청점,제주특별자치도 제주시 서광로32길 15 1층,,
술집,여우비,제주특별자치도 제주시 과원북4길 94,064-712-0690,
"호프,요리주점",기차역,제주특별자치도 제주시 다랑곶4길 20,064-744-3383,
일본식주점,이자카야 해적,제주특별자치도 제주시 애월읍 하귀9길 34 망고레이 2층,,
"호프,요리주점",크라운호프 제주외도점,제주특별자치도 제주시 우정로13길 3,,
"호프,요리주점",비어제이,제주특별자치도 제주시 신광로10길 2 1층,064-743-0148,
"호프,요리주점",한올래,제주특별자치도 제주시 관덕로 5-1,064-725-3533,
실내포장마차,금나라포차,제주특별자치도 제주시 남성로 120,064-751-2227,
"호프,요리주점",편안식당,제주특별자치도 제주시 신성로13길 27 1층,064-901-6789,
칵테일바,난춘호랑이,제주특별자치도 제주시 한림읍 일주서로 5608 2층,010-5942-5608,
"호프,요리주점",제홀스,제주특별자치도 제주시 월랑로 29 2층,064-746-3231,
"호프,요리주점",친절한선미씨,제주특별자치도 제주시 연동4길 36 뜨레모아 1층 101동,,
술집,바신주쿠,제주특별자치도 제주시 연동7길 30 3층,,
"호프,요리주점",토대력 쉼팡점,제주특별자치도 제주시 남녕로 41,064-748-2865,
오뎅바,투다리 남서울점,제주특별자치도 제주시 신대로10길 24-1,064-749-7887,
술집,해피하우스,제주특별자치도 제주시 용화로 35 진영빌라 102호,064-711-5581,