분류|이름|주소|전화번호|대표사진주소,
한식|고집돌우럭 중문점|제주특별자치도 서귀포시 일주서로 879 2층|064-738-1540|//t1.kakaocdn.net/thumb/T800x0.q80/?fname=http%3A%2F%2Ft1.kakaocdn.net%2Fmystore%2FB0D4F557A3F9468FB00BD6505C1622CA,
해물,생선|색달식당 중문본점|제주특별자치도 서귀포시 색달중앙로 23|064-738-1741|//t1.kakaocdn.net/thumb/T800x0.q80/?fname=http%3A%2F%2Ft1.daumcdn.net%2Flocalad_thumb%2Ft%2F5665539e11c425acd55f06c7e3145b59b8a371f1
해물,생선|맛나식당|제주특별자치도 서귀포시 성산읍 동류암로 41|064-782-4771|//t1.kakaocdn.net/thumb/T800x0.q80/?fname=http%3A%2F%2Ft1.kakaocdn.net%2Ffiy_reboot%2Fplace%2F99C93605DEEA41DCA2A1410982D44ACA
회|미영이네식당|제주특별자치도 서귀포시 대정읍 하모항구로 42|064-792-0077|//t1.kakaocdn.net/thumb/T800x0.q80/?fname=http%3A%2F%2Ft1.daumcdn.net%2Fplace%2F5452E83D33614462BBC01F4D8A9F7AF6,
해물,생선|춘심이네 본점|제주특별자치도 서귀포시 안덕면 창천중앙로24번길 16|064-794-4010|//t1.kakaocdn.net/thumb/T800x0.q80/?fname=http%3A%2F%2Ft1.daumcdn.net%2Flocalfiy%2F5A5FF692456249B19CC21AB3E7C90FD8
국수|가시아방국수|제주특별자치도 서귀포시 성산읍 섭지코지로 10 1층|064-783-0987|//t1.kakaocdn.net/thumb/T800x0.q80/?fname=http%3A%2F%2Ft1.daumcdn.net%2Fplace%2F1CDC152B50824BBE876645891AC1B64E,
국수|수두리보말칼국수|제주특별자치도 서귀포시 천제연로 192 1층|064-739-1070|//t1.kakaocdn.net/thumb/T800x0.q80/?fname=http%3A%2F%2Ft1.kakaocdn.net%2Ffiy_reboot%2Fplace%2F479A60FC4D6C462FAD887B1935B2D3D9,
한식|제주 오성 본점|제주특별자치도 서귀포시 중문관광로 27 2층|064-739-3120|//t1.kakaocdn.net/thumb/T800x0.q80/?fname=http%3A%2F%2Ft1.kakaocdn.net%2Fmystore%2F1726BA13B29C40BEA59783695DAFD5AD,
회|쌍둥이횟집|제주특별자치도 서귀포시 중정로62번길 14|064-762-0478|,
해물,생선|해왓|제주특별자치도 서귀포시 성산읍 신고로 30-1|064-782-5689|//t1.kakaocdn.net/thumb/T800x0.q80/?fname=http%3A%2F%2Ft1.kakaocdn.net%2Ffiy_reboot%2Fplace%2F01227283F6C543CEB676D27267429FCA
해물,생선|네거리식당|제주특별자치도 서귀포시 서문로29번길 20|064-762-5513|
국수|당케올레국수|제주특별자치도 서귀포시 표선면 민속해안로 584|064-787-4551|//t1.kakaocdn.net/thumb/T800x0.q80/?fname=http%3A%2F%2Ft1.daumcdn.net%2Fplace%2F429A732232444B94B867F900FA20D45B,
해물,생선|갈치왕|제주특별자치도 서귀포시 일주서로 1146|064-739-9333|//t1.kakaocdn.net/thumb/T800x0.q80/?fname=http%3A%2F%2Ft1.daumcdn.net%2Flocalfiy%2FD89432249DBF4A4EB50B66D60F977A7A
육류,고기|돈이랑|제주특별자치도 서귀포시 일주서로 953|064-738-9277|//t1.kakaocdn.net/thumb/T800x0.q80/?fname=http%3A%2F%2Ft1.daumcdn.net%2Fplace%2F1E6AAF09F0EF4CC7AF17AEBE7E696F10
육류,고기|복자씨연탄구이|제주특별자치도 서귀포시 성산읍 해맞이해안로 2764|064-782-7330|//t1.kakaocdn.net/thumb/T800x0.q80/?fname=http%3A%2F%2Ft1.daumcdn.net%2Fplace%2F80123C10CEDA48B09E50E5FAA6C44E4C
육류,고기|큰돈가 중문점|제주특별자치도 서귀포시 천제연로 89|064-739-0722|
회|동해미락|제주특별자치도 서귀포시 칠십리로 133|064-733-5921|//t1.kakaocdn.net/thumb/T800x0.q80/?fname=http%3A%2F%2Ft1.daumcdn.net%2Flocalad_thumb%2Ft%2Fb6de1b299a81d744696c77ca9e417c79499770fc,
회|부두식당|제주특별자치도 서귀포시 대정읍 하모항구로 62|064-794-1223|//t1.kakaocdn.net/thumb/T800x0.q80/?fname=http%3A%2F%2Ft1.daumcdn.net%2Flocalad_thumb%2Ft%2F88211ec4eb35e344141180198a029e3a093f10b7,
한식|가시식당|제주특별자치도 서귀포시 표선면 가시로565번길 22|064-787-1035|//t1.kakaocdn.net/thumb/T800x0.q80/?fname=http%3A%2F%2Ft1.kakaocdn.net%2Ffiy_reboot%2Fplace%2F4FB6A8AA510D4CB5920DAC786F274782,
육류,고기|천짓골식당|제주특별자치도 서귀포시 중앙로41번길 4|064-763-0399|//t1.kakaocdn.net/thumb/T800x0.q80/?fname=http%3A%2F%2Ft1.daumcdn.net%2Fplace%2FA0C263A6D31E46D9B7A09B57A4B8A448
육류,고기|칠돈가 중문점|제주특별자치도 서귀포시 중문관광로 8|064-738-1195|//t1.kakaocdn.net/thumb/T800x0.q80/?fname=http%3A%2F%2Ft1.daumcdn.net%2Flocalfiy%2F4AA1861EA15D4B7BAC5C47C52021D89B
불고기,두루치기|용이식당|제주특별자치도 서귀포시 중앙로79번길 9|064-732-7892|
국수|고씨네천지국수|제주특별자치도 서귀포시 중앙로79번길 4|064-764-0436|//t1.kakaocdn.net/thumb/T800x0.q80/?fname=http%3A%2F%2Ft1.daumcdn.net%2Flocalfiy%2F89CC717326064AD781F717ED73F19D32,
회|자리돔횟집|제주특별자치도 서귀포시 동홍동로 7|064-733-1239|//t1.kakaocdn.net/thumb/T800x0.q80/?fname=http%3A%2F%2Ft1.daumcdn.net%2Fplace%2F269F3FB8916B48A78C9776BE18FF9222,
육류,고기|뽈살집 제주본점|제주특별자치도 서귀포시 중정로91번길 37|064-763-6860|//t1.kakaocdn.net/thumb/T800x0.q80/?fname=http%3A%2F%2Ft1.daumcdn.net%2Fplace%2F4EDFB90CC23549C39FB23736DC4E77D8
육류,고기|난드르바당|제주특별자치도 서귀포시 하예하동로16번길 11-1|064-739-0053|//t1.kakaocdn.net/thumb/T800x0.q80/?fname=http%3A%2F%2Ft1.daumcdn.net%2Flocalfiy%2FB144C9B6CCE04F36B855652761B49A36
육류,고기|흑돼지BBQ|제주특별자치도 서귀포시 태평로353번길 4|064-762-1277|//t1.kakaocdn.net/thumb/T800x0.q80/?fname=http%3A%2F%2Ft1.daumcdn.net%2Flocalfiy%2F5E1DF914F2124A359650544792E40AA8
냉면|산방식당|제주특별자치도 서귀포시 대정읍 하모이삼로 62|064-794-2165|,
국수|국수바다 본점|제주특별자치도 서귀포시 일주서로 982||//t1.kakaocdn.net/thumb/T800x0.q80/?fname=http%3A%2F%2Ft1.daumcdn.net%2Fcfile%2F2665D53455DBBAE509,
해물,생선|삼보식당|제주특별자치도 서귀포시 중정로 25|064-762-3620|
해물,생선|대기정|제주특별자치도 서귀포시 이어도로 41|064-739-1041|//t1.kakaocdn.net/thumb/T800x0.q80/?fname=http%3A%2F%2Ft1.daumcdn.net%2Fplace%2F3248696385C84234922FC361E163A82B
햄버거|제주판타스틱버거|제주특별자치도 서귀포시 표선면 토산중앙로15번길 6|0507-1339-6990|//t1.kakaocdn.net/thumb/T800x0.q80/?fname=http%3A%2F%2Ft1.daumcdn.net%2Fplace%2F8E7A656C5BCB422D9C1BE6C5BBBC7F60,
햄버거|88버거|제주특별자치도 서귀포시 동문로 63|064-733-8488|//t1.kakaocdn.net/thumb/T800x0.q80/?fname=http%3A%2F%2Ft1.daumcdn.net%2Flocalfiy%2FDFC09A1C6FD04830BAB7BB6E49EA68B0,
양식|글라글라하와이|제주특별자치도 서귀포시 대정읍 하모항구로 70|064-792-2737|//t1.kakaocdn.net/thumb/T800x0.q80/?fname=http%3A%2F%2Ft1.daumcdn.net%2Fplace%2F1F35B651A7174ADCBC011F7EE30FD10F,
양식|센트로|제주특별자치도 서귀포시 태평로 449 1층|070-8614-6245|//t1.kakaocdn.net/thumb/T800x0.q80/?fname=http%3A%2F%2Ft1.daumcdn.net%2Fplace%2FAEC20543597F45379A6BD23DCF4F5A4A,
이탈리안|휘닉스제주섭지코지 민트레스토랑|제주특별자치도 서귀포시 성산읍 고성리 46 글라스하우스 2층|064-731-7773|//t1.kakaocdn.net/thumb/T800x0.q80/?fname=http%3A%2F%2Ft1.daumcdn.net%2Fplace%2F5629FB9CB0DB40F0AE1BBDE360A21B13,
해산물|자연스러운식당|제주특별자치도 서귀포시 태평로92번길 8|0507-1306-8702|,
양식|윌라라|제주특별자치도 서귀포시 성산읍 성산중앙로 33|0507-1404-5120|//t1.kakaocdn.net/thumb/T800x0.q80/?fname=http%3A%2F%2Ft1.daumcdn.net%2Flocalfiy%2F32379F101E284B298FCBFE8B6581540E,
양식|올레안뜰|제주특별자치도 서귀포시 법환로 24|064-738-7720|//t1.kakaocdn.net/thumb/T800x0.q80/?fname=http%3A%2F%2Ft1.daumcdn.net%2Fplace%2FDDD2DE49E01A46988109B8661F2DC2AC,
햄버거|꽃담수제버거|제주특별자치도 서귀포시 성산읍 일출로 284-7|064-782-0761|//t1.kakaocdn.net/thumb/T800x0.q80/?fname=http%3A%2F%2Ft1.kakaocdn.net%2Ffiy_reboot%2Fplace%2FEADD0DA023B14E58B0B3653F3E65212D,
이탈리안|페를로|제주특별자치도 서귀포시 안덕면 덕수회관로74번길 33 1층||//t1.kakaocdn.net/thumb/T800x0.q80/?fname=http%3A%2F%2Ft1.daumcdn.net%2Fplace%2F475633CB3B9842FB9E4438811D8AE499,
이탈리안|환이네이태리식당|제주특별자치도 서귀포시 안덕면 사계중앙로18번길 5|070-7788-8686|//t1.kakaocdn.net/thumb/T800x0.q80/?fname=http%3A%2F%2Ft1.kakaocdn.net%2Ffiy_reboot%2Fplace%2FC0B2E70D12044099B0ED5EAD1CA699CD,
양식|함쉐프키친|제주특별자치도 서귀포시 대포중앙로 116|064-739-1142|//t1.kakaocdn.net/thumb/T800x0.q80/?fname=http%3A%2F%2Ft1.daumcdn.net%2Fplace%2F6BE2111A8B1B45BC9A3144F6F0537D3A,
피자|피제리아3657|제주특별자치도 서귀포시 안덕면 난드르로 56|064-738-3658|//t1.kakaocdn.net/thumb/T800x0.q80/?fname=http%3A%2F%2Ft1.daumcdn.net%2Flocalad_thumb%2Ft%2F3c1c8c038878fca00d8ccc32ae638c5d2e3cbfd8,
햄버거|웨이브|제주특별자치도 서귀포시 표선면 표선당포로 10-4 3층|064-900-9171|//t1.kakaocdn.net/thumb/T800x0.q80/?fname=http%3A%2F%2Ft1.kakaocdn.net%2Fmystore%2F98AB50F305184DD2AD1FD8620A23EB27,
이탈리안|하례정원|제주특별자치도 서귀포시 남원읍 하례망장포로 39|064-733-1337|,
양식|봉유|제주특별자치도 서귀포시 안덕면 중산간서로 1817|064-794-3206|//t1.kakaocdn.net/thumb/T800x0.q80/?fname=http%3A%2F%2Ft1.daumcdn.net%2Flocalfiy%2FDB66048CDFD742C1966134FF69EF5072,
양식|만월당|제주특별자치도 서귀포시 남원읍 남원체육관로 191|064-764-2334|//t1.kakaocdn.net/thumb/T800x0.q80/?fname=http%3A%2F%2Ft1.daumcdn.net%2Fplace%2FE611C97440224D0D8336FE0A27F103B4,
이탈리안|까사디노아|제주특별자치도 서귀포시 안덕면 대평로 42|064-738-1109|//t1.kakaocdn.net/thumb/T800x0.q80/?fname=http%3A%2F%2Ft1.daumcdn.net%2Flocalfiy%2FCDC73F1B856E4FCEAD0E4096E1493A75,
양식|포도호텔 레스토랑|제주특별자치도 서귀포시 안덕면 산록남로 863 1층|064-793-7030|//t1.kakaocdn.net/thumb/T800x0.q80/?fname=http%3A%2F%2Ft1.daumcdn.net%2Fplace%2F20B8205E0EA5459C8E379BD756801F13,
이탈리안|빌레왓|제주특별자치도 서귀포시 안덕면 화순서동로 14|064-794-3939|//t1.kakaocdn.net/thumb/T800x0.q80/?fname=http%3A%2F%2Ft1.daumcdn.net%2Fplace%2FE2E2C7787299404CABE91F394B1237BA,
양식|비오토피아 레스토랑|제주특별자치도 서귀포시 안덕면 산록남로762번길 79|064-793-6030|//t1.kakaocdn.net/thumb/T800x0.q80/?fname=http%3A%2F%2Ft1.daumcdn.net%2Fplace%2FA90F7241C8D44117A41D48122B7A39DB,
멕시칸,브라질|마가리따은혜씨|제주특별자치도 서귀포시 성산읍 일출로 258-11 2층||//t1.kakaocdn.net/thumb/T800x0.q80/?fname=http%3A%2F%2Ft1.daumcdn.net%2Flocalfiy%2F311601109FD143BB9C911D180701C978
이탈리안|비스트로낭|제주특별자치도 서귀포시 안덕면 일주서로 1479 1층|0507-1419-2933|//t1.kakaocdn.net/thumb/T800x0.q80/?fname=http%3A%2F%2Ft1.daumcdn.net%2Fplace%2FBBEBEA42FE1C4D418D30B8F754EAF09E,
햄버거|몰마농|제주특별자치도 서귀포시 성산읍 환해장성로 929|010-6346-7906|//t1.kakaocdn.net/thumb/T800x0.q80/?fname=http%3A%2F%2Ft1.daumcdn.net%2Flocalfiy%2F6E5D526BB56A48849677FF536C01E57D,
이탈리안|11시11분|제주특별자치도 서귀포시 홍중동로 9||//t1.kakaocdn.net/thumb/T800x0.q80/?fname=http%3A%2F%2Ft1.daumcdn.net%2Fplace%2F26F76134B1154A98B585B90A7E207700,
피자|어부피자|제주특별자치도 서귀포시 성산읍 서성일로 1078-14|064-782-9242|//t1.kakaocdn.net/thumb/T800x0.q80/?fname=http%3A%2F%2Ft1.daumcdn.net%2Flocalfiy%2FBAA7EC94C3B7472B900C31F38AC7FE12,
양식|성산옥탑|제주특별자치도 서귀포시 성산읍 일출로 270-8 2층||//t1.kakaocdn.net/thumb/T800x0.q80/?fname=http%3A%2F%2Ft1.daumcdn.net%2Flocalfiy%2F517D6E80499A44BB98CF1746483F811C,
양식|신라호텔제주 더파크뷰|제주특별자치도 서귀포시 중문관광로72번길 75 제주신라호텔 3층|064-735-5334|//t1.kakaocdn.net/thumb/T800x0.q80/?fname=http%3A%2F%2Ft1.daumcdn.net%2Fplace%2F20C09E775C5344DEB922DAE31EDB92E3,
양식|LMNT|제주특별자치도 서귀포시 중문관광로110번길 31 1층|070-8900-7600|,
햄버거|황금빅버거 서귀포점|제주특별자치도 서귀포시 남원읍 516로 918|064-733-6298|//t1.kakaocdn.net/thumb/T800x0.q80/?fname=http%3A%2F%2Ft1.daumcdn.net%2Fplace%2F225B7199361A40E5A403BFAD90A40F4F,
양식|스모크하우스인구억|제주특별자치도 서귀포시 대정읍 보성구억로 223|070-7776-8217|//t1.kakaocdn.net/thumb/T800x0.q80/?fname=http%3A%2F%2Ft1.daumcdn.net%2Flocalfiy%2Fsearchregister_9197607,
멕시칸,브라질|칸스|제주특별자치도 서귀포시 중정로61번길 20|064-733-2504|//t1.kakaocdn.net/thumb/T800x0.q80/?fname=http%3A%2F%2Ft1.daumcdn.net%2Flocalfiy%2FAF6EEB1D6C3145CEB2A5DA4790540B08
중화요리|덕성원 본점|제주특별자치도 서귀포시 태평로401번길 4|064-762-2402|//t1.kakaocdn.net/thumb/T800x0.q80/?fname=http%3A%2F%2Ft1.daumcdn.net%2Flocalfiy%2F0515216910064FC0B0697D787574ADBB,
중화요리|홍성방|제주특별자치도 서귀포시 대정읍 하모항구로 76|064-794-9555|//t1.kakaocdn.net/thumb/T800x0.q80/?fname=http%3A%2F%2Ft1.kakaocdn.net%2Fmystore%2F375991322A9B41C9AD3F634AA115162F,
중화요리|아서원|제주특별자치도 서귀포시 일주동로 8143|064-767-3130|,
중식|몰질식육식당|제주특별자치도 서귀포시 이어도로 598|064-739-1542|,
중화요리|원조마라도짜장면집|제주특별자치도 서귀포시 대정읍 마라로101번길 48|064-792-8506|,
중화요리|덕성원 중문점|제주특별자치도 서귀포시 중문관광로 321 2층|064-738-0750|//t1.kakaocdn.net/thumb/T800x0.q80/?fname=http%3A%2F%2Ft1.daumcdn.net%2Fplace%2FD7487B9020A7485C9373F4045193A112,
중화요리|유달식당|제주특별자치도 서귀포시 일주동로 8106|064-767-0424|//t1.kakaocdn.net/thumb/T800x0.q80/?fname=http%3A%2F%2Ft1.daumcdn.net%2Fplace%2F4370EDC06F7545D2BB6811BE3FBDBC9C,
중화요리|성산해녀짬뽕|제주특별자치도 서귀포시 성산읍 일출로 286 1층|064-784-0021|//t1.kakaocdn.net/thumb/T800x0.q80/?fname=http%3A%2F%2Ft1.daumcdn.net%2Fplace%2F0104700A309B42B6BE684DC1595D6F09,
중화요리|소낭식당|제주특별자치도 서귀포시 남원읍 일주동로 7905|064-767-4007|,
중식|샤오츠 성산점|제주특별자치도 서귀포시 성산읍 동류암로 20 플레이스호텔 C동 1층|064-766-3028|//t1.kakaocdn.net/thumb/T800x0.q80/?fname=http%3A%2F%2Ft1.daumcdn.net%2Flocalfiy%2FBD7E160713E04764ADA1E0AF525230A2,
중화요리|도두반점 호텔더본점|제주특별자치도 서귀포시 색달로 18|064-766-8999|//t1.kakaocdn.net/thumb/T800x0.q80/?fname=http%3A%2F%2Ft1.daumcdn.net%2Flocalfiy%2F74B07EB59BAC4124B069C05D922AFC18,
중화요리|성산짬뽕|제주특별자치도 서귀포시 성산읍 성산중앙로25번길 13|064-782-7477|//t1.kakaocdn.net/thumb/T800x0.q80/?fname=http%3A%2F%2Ft1.daumcdn.net%2Flocalfiy%2F61308DB02F5646719705052CF89ABB42,
중화요리|류차이|제주특별자치도 서귀포시 중문관광로 330|064-739-4149|//t1.kakaocdn.net/thumb/T800x0.q80/?fname=http%3A%2F%2Ft1.daumcdn.net%2Flocalfiy%2F751C46190AB44D09814A0C79FED2AB50,
중화요리|론푸드차이나|제주특별자치도 서귀포시 천제연로208번길 3|064-738-0048|//t1.kakaocdn.net/thumb/T800x0.q80/?fname=http%3A%2F%2Ft1.daumcdn.net%2Fplace%2F25D54CEF0E414EFA983CB60D2593F141,
중화요리|오일장반점|제주특별자치도 서귀포시 대정읍 신영로36번길 37|064-792-0818|//t1.kakaocdn.net/thumb/T800x0.q80/?fname=http%3A%2F%2Ft1.daumcdn.net%2Fplace%2F39CFA38491C142C4A174E0ED081FAD90,
중화요리|가파도해물짜장짬뽕|제주특별자치도 서귀포시 대정읍 가파로67번길 1|064-794-6463|//t1.kakaocdn.net/thumb/T800x0.q80/?fname=http%3A%2F%2Ft1.daumcdn.net%2Flocalfiy%2F2DE6C66A9E7F49918255F60404AE48A3,
중식|로이앤메이|제주특별자치도 서귀포시 성산읍 온평상하로15번길 12-7|064-782-8108|,
중화요리|와랑와랑|제주특별자치도 서귀포시 태평로 399-1|064-733-5588|//t1.kakaocdn.net/thumb/T800x0.q80/?fname=http%3A%2F%2Ft1.daumcdn.net%2Fplace%2F9790C98A707A46D385F4AEE2895AB109,
중화요리|자금성|제주특별자치도 서귀포시 성산읍 일출로288번길 13|064-783-0103|,
중화요리|이비가짬뽕 신화월드점|제주특별자치도 서귀포시 안덕면 신화역사로 502 2층|064-739-1771|,
중화요리|볼고롱짬뽕|제주특별자치도 서귀포시 중앙로 159-2|064-762-8333|//t1.kakaocdn.net/thumb/T800x0.q80/?fname=http%3A%2F%2Ft1.daumcdn.net%2Fplace%2FFDBB74EBF8E7478EA3F80B33AD44E827,
돈까스,우동|연돈|제주특별자치도 서귀포시 일주서로 968-10 1층|0507-1386-7060|//t1.kakaocdn.net/thumb/T800x0.q80/?fname=http%3A%2F%2Ft1.daumcdn.net%2Fplace%2F397D51771ACF4535925DA947A7197227
돈까스,우동|표선우동가게|제주특별자치도 서귀포시 표선면 표선관정로 105-1|064-900-4582|//t1.kakaocdn.net/thumb/T800x0.q80/?fname=http%3A%2F%2Ft1.daumcdn.net%2Fplace%2F321A2B2444234E81B989CBF02D34AC61
돈까스,우동|협재수우동 쇠소깍직영점|제주특별자치도 서귀포시 쇠소깍로 186 1층|064-762-8840|//t1.kakaocdn.net/thumb/T800x0.q80/?fname=http%3A%2F%2Ft1.daumcdn.net%2Fplace%2F86D916570A1E49D7B3DC4C964A0463AA
일식|소봉식당|제주특별자치도 서귀포시 안덕면 사계로 191|070-8147-1418|//t1.kakaocdn.net/thumb/T800x0.q80/?fname=http%3A%2F%2Ft1.kakaocdn.net%2Ffiy_reboot%2Fplace%2FFA99F170074D4224ACA48458744EEF8B,
일식집|제주고로|제주특별자치도 서귀포시 대정읍 서삼중로 94||//t1.kakaocdn.net/thumb/T800x0.q80/?fname=http%3A%2F%2Ft1.daumcdn.net%2Flocalfiy%2Fsearchregister_605558304,
일식집|나무식탁|제주특별자치도 서귀포시 대정읍 도원로 214|070-4208-3858|//t1.kakaocdn.net/thumb/T800x0.q80/?fname=http%3A%2F%2Ft1.daumcdn.net%2Flocalfiy%2F23E67010832543DC95FF1A54E7318862,
돈까스,우동|바삭돈까스 신서귀포점|제주특별자치도 서귀포시 김정문화로 5|064-738-0911|//t1.kakaocdn.net/thumb/T800x0.q80/?fname=http%3A%2F%2Ft1.daumcdn.net%2Fplace%2FCD3A27AF113A42E39CAB7114E312F42A
초밥,롤|타쿠마|제주특별자치도 서귀포시 성산읍 섭지코지로 15|064-783-4894|//t1.kakaocdn.net/thumb/T800x0.q80/?fname=http%3A%2F%2Ft1.daumcdn.net%2Flocalfiy%2F1A64B2490977414BA807FE78D7AADFBF
초밥,롤|황금손가락|제주특별자치도 서귀포시 막숙포로 78|064-739-6767|//t1.kakaocdn.net/thumb/T800x0.q80/?fname=http%3A%2F%2Ft1.daumcdn.net%2Fplace%2F65F83F6F50FC4BE3A0879BEA9ABDEE7C
일식|모루쿠다|제주특별자치도 서귀포시 태평로431번길 32 1층|064-733-1477|//t1.kakaocdn.net/thumb/T800x0.q80/?fname=http%3A%2F%2Ft1.daumcdn.net%2Fplace%2F5F99AC3C867C49DCBF6A2F24696E4E28,
돈까스,우동|뽕끄랑|제주특별자치도 서귀포시 남성로138번길 1 1층|064-763-3930|//t1.kakaocdn.net/thumb/T800x0.q80/?fname=http%3A%2F%2Ft1.kakaocdn.net%2Fmystore%2F9F0E019EEE114C5E8B413E1E333B4250
돈까스,우동|영육일삼|제주특별자치도 서귀포시 이어도로 679 1층|070-8830-9492|//t1.kakaocdn.net/thumb/T800x0.q80/?fname=http%3A%2F%2Ft1.daumcdn.net%2Flocalfiy%2F80D7F41A3EFE45319157BFE1DEC1495F
일식|히비 안도 코하쿠|제주특별자치도 서귀포시 효돈로 107||//t1.kakaocdn.net/thumb/T800x0.q80/?fname=http%3A%2F%2Ft1.daumcdn.net%2Flocalfiy%2F58380CA8E18B4CC79BB10CB2C1B9072E,
돈까스,우동|표선수제돈가스|제주특별자치도 서귀포시 표선면 표선동서로 279-1|064-787-5677|//t1.kakaocdn.net/thumb/T800x0.q80/?fname=http%3A%2F%2Ft1.daumcdn.net%2Fplace%2FE5A92B3DFC6A421CB689C3044C1DC045
일식|잇뽕사계|제주특별자치도 서귀포시 안덕면 사계로114번길 54-12 1층 105,106호||//t1.kakaocdn.net/thumb/T800x0.q80/?fname=http%3A%2F%2Ft1.daumcdn.net%2Fplace%2FF05CB3C5EDFA4F04AB288D70358954BB
일식|가파도수산|제주특별자치도 서귀포시 대정읍 하모항구로6번길 22|064-794-6850|//t1.kakaocdn.net/thumb/T800x0.q80/?fname=http%3A%2F%2Ft1.daumcdn.net%2Fplace%2F010C732960874C958A7BB861A264441F,
초밥,롤|석경초밥|제주특별자치도 서귀포시 천지로 18|064-767-1562|//t1.kakaocdn.net/thumb/T800x0.q80/?fname=http%3A%2F%2Ft1.daumcdn.net%2Fplace%2FA9A75964C2D444E3AA9F9905C8CB6DF3
돈까스,우동|당포로나인돈카츠|제주특별자치도 서귀포시 표선면 표선당포로 9 1층|070-8900-8285|//t1.kakaocdn.net/thumb/T800x0.q80/?fname=http%3A%2F%2Ft1.daumcdn.net%2Fplace%2F886F758F8E1842EAAE917ECF18EF0610
일식집|코우|제주특별자치도 서귀포시 신중로13번길 3-5 1층||//t1.kakaocdn.net/thumb/T800x0.q80/?fname=http%3A%2F%2Ft1.kakaocdn.net%2Ffiy_reboot%2Fplace%2FC02B3CE69BD64D1F8C16A83AB0D9DCBF,
일식집|하찌|제주특별자치도 서귀포시 호근남로 180|064-738-8688|//t1.kakaocdn.net/thumb/T800x0.q80/?fname=http%3A%2F%2Ft1.daumcdn.net%2Fplace%2F9EB493A9AE7041CD9A5486E7CB295FEC,
돈까스,우동|남원수제돈까스|제주특별자치도 서귀포시 남원읍 남한로 10-1|064-764-7005|
돈까스,우동|다정한식탁|제주특별자치도 서귀포시 중문로81번길 7-3 1층|070-4548-1930|//t1.kakaocdn.net/thumb/T800x0.q80/?fname=http%3A%2F%2Ft1.daumcdn.net%2Flocalfiy%2F823F170249AE472491DBF10EBF0E7953
일식집|심야식당|제주특별자치도 서귀포시 월드컵로 157|064-738-4572|//t1.kakaocdn.net/thumb/T800x0.q80/?fname=http%3A%2F%2Ft1.daumcdn.net%2Fplace%2F96C12F97C922417D9DF60ECEE9B454D3,
일식|아리|제주특별자치도 서귀포시 홍중로 99 1층 103호|064-739-3183|,
일식집|털보네고양이|제주특별자치도 서귀포시 남원읍 태위로 381|010-8647-8632|//t1.kakaocdn.net/thumb/T800x0.q80/?fname=http%3A%2F%2Ft1.kakaocdn.net%2Ffiy_reboot%2Fplace%2FE043554A90174DD188B4F29F309EA79F,
돈까스,우동|187센티멘트|제주특별자치도 서귀포시 서문로28번길 3 1층|0507-1328-5658|//t1.kakaocdn.net/thumb/T800x0.q80/?fname=http%3A%2F%2Ft1.daumcdn.net%2Flocalfiy%2F8AE9774E5EF043CC8E1DC0058782AD2C
돈까스,우동|포커스|제주특별자치도 서귀포시 예래로 223-7||//t1.kakaocdn.net/thumb/T800x0.q80/?fname=http%3A%2F%2Ft1.daumcdn.net%2Fplace%2FB833B4FAB0124A63BAB16658A7D145B2
일식|삿뽀로우동집 본점|제주특별자치도 서귀포시 명동로 5|064-732-5931|//t1.kakaocdn.net/thumb/T800x0.q80/?fname=http%3A%2F%2Ft1.kakaocdn.net%2Ffiy_reboot%2Fplace%2FDDA17F1B72824F3DAE7211A0B30FBD0B,
초밥,롤|서작가초밥집|제주특별자치도 서귀포시 태평로 416-1|070-7736-5728|//t1.kakaocdn.net/thumb/T800x0.q80/?fname=http%3A%2F%2Ft1.daumcdn.net%2Fplace%2F56C418CDF94F469EB5C3E468A111C11C
돈까스,우동|국수1번가|제주특별자치도 서귀포시 안덕면 사계로 223 A동 1층|064-794-1240|//t1.kakaocdn.net/thumb/T800x0.q80/?fname=http%3A%2F%2Ft1.kakaocdn.net%2Ffiy_reboot%2Fplace%2FE3251A8F19514D38ADD3FCE54A4ADB52
초밥,롤|정초밥|제주특별자치도 서귀포시 동홍로 6 1층|064-762-9165|//t1.kakaocdn.net/thumb/T800x0.q80/?fname=http%3A%2F%2Ft1.daumcdn.net%2Flocalfiy%2FC387A40D10F64B598FE8387196DBE126
일식|고쿠텐 서귀포점|제주특별자치도 서귀포시 막숙포로40번길 5 1층|0507-1495-1049|//t1.kakaocdn.net/thumb/T800x0.q80/?fname=http%3A%2F%2Ft1.daumcdn.net%2Flocalfiy%2F96EF00ADAFBD4FAAA0009BD328497E11,
육류,고기|숙성도 노형점|제주특별자치도 제주시 원노형로 41|064-711-5212|
해장국|우진해장국|제주특별자치도 제주시 서사로 11|064-757-3393|,
한식|고집돌우럭 함덕점|제주특별자치도 제주시 조천읍 신북로 491-9 2층|064-783-6060|,
한식|고집돌우럭 제주공항점|제주특별자치도 제주시 임항로 30|064-722-1008|,
국수|자매국수 본점|제주특별자치도 제주시 탑동로11길 6 2층|064-727-1112|,
쌈밥|이춘옥원조고등어쌈밥 애월본점|제주특별자치도 제주시 애월읍 일주서로 7213 1층|064-799-9914|,
국수|올래국수 본점|제주특별자치도 제주시 귀아랑길 24 1층|064-742-7355|,
한식|제주광해 애월본점|제주특별자치도 제주시 애월읍 애월해안로 867 2층|064-713-4789|,
삼겹살|늘봄흑돼지|제주특별자치도 제주시 한라대학로 12|064-744-9001|,
국수|한림칼국수|제주특별자치도 제주시 한림읍 한림해안로 141|070-8900-3339|,
육류,고기|칠돈가 본점|제주특별자치도 제주시 서천길 1|064-727-9092|
육류,고기|돈사돈본관|제주특별자치도 제주시 우평로 19 1층|064-746-8989|
회|곰막식당|제주특별자치도 제주시 구좌읍 구좌해안로 64|064-727-5111|,
해장국|은희네소고기해장국 본점|제주특별자치도 제주시 고마로13길 8|064-726-5622|,
한식|착한집|제주특별자치도 제주시 서광로 98|064-713-7136|,
굴,전복|명진전복|제주특별자치도 제주시 구좌읍 해맞이해안로 1282|064-782-9944|
국수|삼무국수|제주특별자치도 제주시 삼무로3길 46-1|064-711-5656|,
한식|신설오름|제주특별자치도 제주시 고마로17길 2|064-758-0143|,
해물,생선|순옥이네명가 본점|제주특별자치도 제주시 도공로 8|064-743-4813|
국수|산도롱맨도롱|제주특별자치도 제주시 구좌읍 해맞이해안로 2284 1층|064-782-5105|,
육류,고기|고이정 본점|제주특별자치도 제주시 애월읍 애월로 6 A동 1층|064-799-0401|
국수|하갈비국수|제주특별자치도 제주시 애월읍 애월북서길 52 2층||,
해장국|은희네해장국 노형점|제주특별자치도 제주시 원노형로 40 1층|064-711-5820|,
한식|김희선제주몸국|제주특별자치도 제주시 어영길 45-6 1층|064-745-0047|,
육류,고기|바다를본돼지 본점|제주특별자치도 제주시 한경면 판포1길 16|064-772-5509|
육류,고기|별돈별 정원점|제주특별자치도 제주시 한경면 고산로8길 21-15 1층|064-772-5895|
회|도두해녀의집|제주특별자치도 제주시 도두항길 16|064-743-4989|,
해물,생선|상춘재|제주특별자치도 제주시 조천읍 선진길 26|064-725-1557|
해물,생선|애월하미|제주특별자치도 제주시 애월읍 애월북서길 54|070-4566-9000|
한식|장인의집|제주특별자치도 제주시 애월읍 애월로19길 31|064-799-1610|,
육류,고기|흑돈가 제주본점|제주특별자치도 제주시 한라대학로 11|064-747-0088|
회|모살물|제주특별자치도 제주시 삼무로3길 14|064-713-0309|,
국수|해월정|제주특별자치도 제주시 구좌읍 해맞이해안로 2340|064-782-5664|,
햄버거|무거버거|제주특별자치도 제주시 조천읍 조함해안로 356|0507-1319-5076|//t1.kakaocdn.net/thumb/T800x0.q80/?fname=http%3A%2F%2Ft1.kakaocdn.net%2Ffiy_reboot%2Fplace%2F61B4194403EF4994B04A68F8213049B0,
양식|식당마요네즈|제주특별자치도 제주시 다랑곶3길 18 1층|010-7444-9142|//t1.kakaocdn.net/thumb/T800x0.q80/?fname=http%3A%2F%2Ft1.daumcdn.net%2Fplace%2F93523A774ECD43BEABE637A8BE20D86B,
해산물|크랩잭 제주|제주특별자치도 제주시 애월읍 애월해안로 765|064-747-1229|//t1.kakaocdn.net/thumb/T800x0.q80/?fname=http%3A%2F%2Ft1.daumcdn.net%2Fplace%2FAC4A902E867148B6B5E944AA6B1C7699,
햄버거|몬스터살롱|제주특별자치도 제주시 애월읍 일주서로 6017|064-799-5310|//t1.kakaocdn.net/thumb/T800x0.q80/?fname=http%3A%2F%2Ft1.kakaocdn.net%2Fmystore%2FF3B41D5652ED44E2B4093B9CBF0FE900,
양식|이스트포레스트|제주특별자치도 제주시 구좌읍 종달로1길 26-1 1층|064-784-3789|//t1.kakaocdn.net/thumb/T800x0.q80/?fname=http%3A%2F%2Ft1.daumcdn.net%2Fplace%2F61F0ABE023BF4CB399A02CA3BA4004C0,
양식|만월당|제주특별자치도 제주시 구좌읍 월정1길 56 1층|064-784-5911|//t1.kakaocdn.net/thumb/T800x0.q80/?fname=http%3A%2F%2Ft1.daumcdn.net%2Fplace%2F505D5D7490A34160988F99FB87070D39,
양식|당당 (휴업중)|제주특별자치도 제주시 애월읍 중엄안1길 25|070-4159-0327|//t1.kakaocdn.net/thumb/T800x0.q80/?fname=http%3A%2F%2Ft1.daumcdn.net%2Fplace%2FB81C53A02ECC406981453ED850635CF3,
햄버거|양가형제|제주특별자치도 제주시 한경면 청수동8길 3|010-4938-5455|//t1.kakaocdn.net/thumb/T800x0.q80/?fname=http%3A%2F%2Ft1.daumcdn.net%2Fplace%2F8FC8746604174E1AAFE0F7657B62C8C1,
햄버거|하하호호 우도본점|제주특별자치도 제주시 우도면 우도해안길 532|010-2899-1365|,
이탈리안|더스푼|제주특별자치도 제주시 구남동1길 45 1층|064-725-1324|//t1.kakaocdn.net/thumb/T800x0.q80/?fname=http%3A%2F%2Ft1.daumcdn.net%2Fplace%2FF833AE18CF0F4A64B27593A23C4DF2C6,
스테이크,립|치저스|제주특별자치도 제주시 구좌읍 비자림로 1785||//t1.kakaocdn.net/thumb/T800x0.q80/?fname=http%3A%2F%2Ft1.daumcdn.net%2Flocalfiy%2F3AA2F42A05C6437BAABF68FD6BCD3502
해산물|피어22|제주특별자치도 제주시 한림읍 금능7길 22|064-796-7787|,
양식|코코리파이프|제주특별자치도 제주시 애월읍 하귀6길 22|010-4007-0884|//t1.kakaocdn.net/thumb/T800x0.q80/?fname=http%3A%2F%2Ft1.kakaocdn.net%2Ffiy_reboot%2Fplace%2F1CC1B1C8DC06433A95E7F75B3A11260E,
양식|세러데이아일랜드|제주특별자치도 제주시 구좌읍 평대7길 51||//t1.kakaocdn.net/thumb/T800x0.q80/?fname=http%3A%2F%2Ft1.daumcdn.net%2Flocalfiy%2F638F034471474143A974BE8DF66172D2,
멕시칸,브라질|그란데|제주특별자치도 제주시 인다6길 42 1층|064-758-4091|//t1.kakaocdn.net/thumb/T800x0.q80/?fname=http%3A%2F%2Ft1.kakaocdn.net%2Ffiy_reboot%2Fplace%2FEB428C1A1C384FF2833EF0398A7FFF36
이탈리안|맛있는폴부엌|제주특별자치도 제주시 한경면 녹차분재로 568|010-2169-1624|//t1.kakaocdn.net/thumb/T800x0.q80/?fname=http%3A%2F%2Ft1.daumcdn.net%2Flocalfiy%2F77AE85D8C9ED45679BA1AD9EC467489B,
양식|파라토도스|제주특별자치도 제주시 한림읍 금능길 87|064-796-4331|,
양식|웅스키친|제주특별자치도 제주시 대동길 17-1 대일아파트 1층 105호|064-784-1163|//t1.kakaocdn.net/thumb/T800x0.q80/?fname=http%3A%2F%2Ft1.daumcdn.net%2Flocalfiy%2Fsearchregister_1508558165,
햄버거|하하호호 월정리점|제주특별자치도 제주시 구좌읍 해맞이해안로 514 1층|010-5149-4620|//t1.kakaocdn.net/thumb/T800x0.q80/?fname=http%3A%2F%2Ft1.daumcdn.net%2Fplace%2F09E977BDE4FC4581816C18D3DB15510E,
이탈리안|달이뜨는식탁|제주특별자치도 제주시 구좌읍 월정1길 14|064-782-8538|,
햄버거|애월식탁|제주특별자치도 제주시 애월읍 애월로1길 26-4 2층|070-7793-0224|//t1.kakaocdn.net/thumb/T800x0.q80/?fname=http%3A%2F%2Ft1.daumcdn.net%2Fplace%2F006849E33B494845BBB5893238974955,
양식|오데뜨|제주특별자치도 제주시 한림읍 중산간서로 4995-6|064-799-2748|//t1.kakaocdn.net/thumb/T800x0.q80/?fname=http%3A%2F%2Ft1.kakaocdn.net%2Ffiy_reboot%2Fplace%2F243836A7B48C4A12A425174B04F50CD4,
해산물|로맨틱새우|제주특별자치도 제주시 애월읍 곽지1길 12-12|064-799-1588|//t1.kakaocdn.net/thumb/T800x0.q80/?fname=http%3A%2F%2Ft1.daumcdn.net%2Flocalfiy%2F34B08054B611461B8D06A54F4EA99739,
이탈리안|컬쳐드|제주특별자치도 제주시 승천로 81 1층|064-755-2006|//t1.kakaocdn.net/thumb/T800x0.q80/?fname=http%3A%2F%2Ft1.daumcdn.net%2Fplace%2F1C937B070DFD4AFA865A0CDBB78FA6BF,
스테이크,립|소렉|제주특별자치도 제주시 은남2길 41 1층|064-901-9015|//t1.kakaocdn.net/thumb/T800x0.q80/?fname=http%3A%2F%2Ft1.daumcdn.net%2Flocalfiy%2F55C404AC0BB94A939D91D24C6D8E2D5C
양식|호끌락다락|제주특별자치도 제주시 조천읍 함덕10길 6|064-783-7636|//t1.kakaocdn.net/thumb/T800x0.q80/?fname=http%3A%2F%2Ft1.daumcdn.net%2Fplace%2F4D546121B4C94D37942925E92204FB31,
양식|그랜마스|제주특별자치도 제주시 노형9길 6 1층|064-747-5535|//t1.kakaocdn.net/thumb/T800x0.q80/?fname=http%3A%2F%2Ft1.daumcdn.net%2Fplace%2F44AA95BA46F54CAE817050170812EB3B,
피자|피자굽는돌하르방 본점|제주특별자치도 제주시 한경면 청수로 218|064-773-7273|//t1.kakaocdn.net/thumb/T800x0.q80/?fname=http%3A%2F%2Ft1.daumcdn.net%2Fcfile%2F23288039532412D626,
이탈리안|쿠쿠아림|제주특별자치도 제주시 아란4길 93 1층|064-751-6645|//t1.kakaocdn.net/thumb/T800x0.q80/?fname=http%3A%2F%2Ft1.daumcdn.net%2Flocalfiy%2F542358F8B315467784087516545F2119,
양식|마농 제주본점|제주특별자치도 제주시 우평로 45-1 바인빌딩 2층|064-745-1166|//t1.kakaocdn.net/thumb/T800x0.q80/?fname=http%3A%2F%2Ft1.daumcdn.net%2Flocalfiy%2Fsearchregister_1375403326,
이탈리안|하도핑크|제주특별자치도 제주시 구좌읍 문주란로1길 43 1층|070-8801-5650|//t1.kakaocdn.net/thumb/T800x0.q80/?fname=http%3A%2F%2Ft1.kakaocdn.net%2Fmystore%2F662A5D49C7AB43E2BB3A4553B605E703,
이탈리안|그리다앤쿡|제주특별자치도 제주시 신성로 111 2층|064-751-2245|//t1.kakaocdn.net/thumb/T800x0.q80/?fname=http%3A%2F%2Ft1.daumcdn.net%2Fcfile%2F273A30495767793336,
햄버거|탐나버거|제주특별자치도 제주시 아연로 438-13|070-4038-0410|//t1.kakaocdn.net/thumb/T800x0.q80/?fname=http%3A%2F%2Ft1.daumcdn.net%2Flocalfiy%2FFB176EFF13BD46A9A22CA40865C02FA4,
햄버거|다운타우너 제주애월|제주특별자치도 제주시 애월읍 애월로1길 24-9 제1동 1층|0507-1315-0160|//t1.kakaocdn.net/thumb/T800x0.q80/?fname=http%3A%2F%2Ft1.kakaocdn.net%2Ffiy_reboot%2Fplace%2F145A728E1DC04854BE3F9153ECA8CC7E,
중화요리|송림반점|제주특별자치도 제주시 관덕로 2-1|064-722-4229|//t1.kakaocdn.net/thumb/T800x0.q80/?fname=http%3A%2F%2Ft1.kakaocdn.net%2Ffiy_reboot%2Fplace%2FA763805DF382466C9A79D28222458610,
중화요리|짬뽕에취한날|제주특별자치도 제주시 귀아랑2길 4|070-8227-2335|//t1.kakaocdn.net/thumb/T800x0.q80/?fname=http%3A%2F%2Ft1.daumcdn.net%2Fplace%2F29A5E040F2EA408FA16CAA76CEF01D64,
중식|도두반점 제주사수본점|제주특별자치도 제주시 서해안로 317 2층|064-745-2915|//t1.kakaocdn.net/thumb/T800x0.q80/?fname=http%3A%2F%2Ft1.daumcdn.net%2Flocalfiy%2F6D26790E40DE4DF59B20B32357A93535,
중화요리|천금반점|제주특별자치도 제주시 북성로 7|064-724-4040|//t1.kakaocdn.net/thumb/T800x0.q80/?fname=http%3A%2F%2Ft1.daumcdn.net%2Fplace%2F868C4093BA2042DF986BE86EF02BDFCC,
중화요리|소리원|제주특별자치도 제주시 연동12길 37|064-747-8322|//t1.kakaocdn.net/thumb/T800x0.q80/?fname=http%3A%2F%2Ft1.daumcdn.net%2Fplace%2FD0E744A0C60B4BA58A9CD6C8DCF281CA,
중화요리|하르방짬뽕|제주특별자치도 제주시 애월읍 하귀동남4길 4|064-723-9959|//t1.kakaocdn.net/thumb/T800x0.q80/?fname=http%3A%2F%2Ft1.kakaocdn.net%2Ffiy_reboot%2Fplace%2F32F2257F9B2D49678A9F73C7432F93F9,
중화요리|임성반점|제주특별자치도 제주시 용화로 57-1|064-711-3322|,
중화요리|수타명가|제주특별자치도 제주시 한림읍 일주서로 5834 1층|064-799-6789|//t1.kakaocdn.net/thumb/T800x0.q80/?fname=http%3A%2F%2Ft1.daumcdn.net%2Fplace%2FCE76C16BDC6E406BB6C9DC1091DE4601,
중화요리|면차롱|제주특별자치도 제주시 한림읍 한림로 380|064-796-7832|//t1.kakaocdn.net/thumb/T800x0.q80/?fname=http%3A%2F%2Ft1.daumcdn.net%2Fplace%2FF009E8F9B26B43049E053CA93F2574C1,
중화요리|다래향 세화점|제주특별자치도 제주시 구좌읍 세화1길 4 단층|064-782-7706|//t1.kakaocdn.net/thumb/T800x0.q80/?fname=http%3A%2F%2Ft1.daumcdn.net%2Fcfile%2F22619B4B573434570E,
중화요리|보영반점|제주특별자치도 제주시 한림읍 한림로 692-1|064-796-2042|,
중식|신룽푸마라탕 제주시청점|제주특별자치도 제주시 서광로32길 27-2 1,2층|064-755-5688|//t1.kakaocdn.net/thumb/T800x0.q80/?fname=http%3A%2F%2Ft1.daumcdn.net%2Fplace%2F427B6DCDC6E54E87AF1F9E4259C4E62C
중화요리|아서원|제주특별자치도 제주시 서사로6길 2|064-722-5883|//t1.kakaocdn.net/thumb/T800x0.q80/?fname=http%3A%2F%2Ft1.daumcdn.net%2Fplace%2F916102CBAA3E48328AF7A4B138552FA5,
중화요리|중국집마씸|제주특별자치도 제주시 한경면 두신로 78|064-772-3789|//t1.kakaocdn.net/thumb/T800x0.q80/?fname=http%3A%2F%2Ft1.kakaocdn.net%2Ffiy_reboot%2Fplace%2FE600147C8A0A41B09B263F08886A7216,
중화요리|유일반점|제주특별자치도 제주시 광양7길 13|064-722-4100|//t1.kakaocdn.net/thumb/T800x0.q80/?fname=http%3A%2F%2Ft1.daumcdn.net%2Fplace%2F03F9B5F0A08442B78DA1BED06C3BE5BD,
중화요리|아임파인|제주특별자치도 제주시 지석8길 13-20|064-723-0959|//t1.kakaocdn.net/thumb/T800x0.q80/?fname=http%3A%2F%2Ft1.daumcdn.net%2Fplace%2F12E37D662281429798BBF4E3C619462E,
중화요리|제주인짬뽕 삼화점|제주특별자치도 제주시 지석12길 14|064-721-1918|//t1.kakaocdn.net/thumb/T800x0.q80/?fname=http%3A%2F%2Ft1.daumcdn.net%2Fplace%2FC6F4F8A21614441BAE17C64501CCCB7D,
중화요리|황궁쟁반짜장 노형점|제주특별자치도 제주시 원노형6길 7|064-749-6645|,
중화요리|다래향|제주특별자치도 제주시 조천읍 조함해안로 428-4|064-782-9499|,
중화요리|덕성원|제주특별자치도 제주시 신설로11길 8-6|064-759-0010|//t1.kakaocdn.net/thumb/T800x0.q80/?fname=http%3A%2F%2Ft1.daumcdn.net%2Fplace%2F8C803175A5A54F53ADC05E74A368EAA0,
중화요리|신가네짬뽕|제주특별자치도 제주시 한경면 한경해안로 294-16|064-772-4514|//t1.kakaocdn.net/thumb/T800x0.q80/?fname=http%3A%2F%2Ft1.daumcdn.net%2Flocalfiy%2Fsearchregister_1477565080,
중식|엄블랑|제주특별자치도 제주시 한경면 칠전로 148 1층|064-773-8883|//t1.kakaocdn.net/thumb/T800x0.q80/?fname=http%3A%2F%2Ft1.daumcdn.net%2Fplace%2F66309E0F95ED4CF18DC3015C8050E24D,
돈까스,우동|수우동|제주특별자치도 제주시 한림읍 협재1길 11|064-796-5830|//t1.kakaocdn.net/thumb/T800x0.q80/?fname=http%3A%2F%2Ft1.kakaocdn.net%2Ffiy_reboot%2Fplace%2FE552F1A477E648CD9FA25689E09F8CB5
초밥,롤|스시애월|제주특별자치도 제주시 애월읍 애월로9길 50-3|064-799-2008|//t1.kakaocdn.net/thumb/T800x0.q80/?fname=http%3A%2F%2Ft1.daumcdn.net%2Flocalfiy%2F76457B8A4EDD46039A809789095898AF
돈까스,우동|데미안|제주특별자치도 제주시 한경면 고조로 492-15 1층|010-4277-0551|//t1.kakaocdn.net/thumb/T800x0.q80/?fname=http%3A%2F%2Ft1.kakaocdn.net%2Fmystore%2F1D734ED606A047F287AA85A9F7F330E4
일본식라면|윤옥|제주특별자치도 제주시 구남동2길 19-4 혁진빌 1층|010-2492-4636|//t1.kakaocdn.net/thumb/T800x0.q80/?fname=http%3A%2F%2Ft1.daumcdn.net%2Fplace%2FA734648A309A4B21821CE62B1898ED5E,
돈까스,우동|돈카츠서황|제주특별자치도 제주시 애월읍 장소로 205-2 1층|064-799-5458|//t1.kakaocdn.net/thumb/T800x0.q80/?fname=http%3A%2F%2Ft1.daumcdn.net%2Flocalfiy%2F4AF6441B351141C196F6871EC0A2811C
초밥,롤|스시도모다찌 제주점|제주특별자치도 제주시 광양8길 1 2층|064-901-2888|//t1.kakaocdn.net/thumb/T800x0.q80/?fname=http%3A%2F%2Ft1.daumcdn.net%2Fplace%2FCACD281E79A545B3B47091069CC313FF
돈까스,우동|노조미|제주특별자치도 제주시 국기로2길 2-3|064-744-0730|//t1.kakaocdn.net/thumb/T800x0.q80/?fname=http%3A%2F%2Ft1.daumcdn.net%2Flocalfiy%2F48318A2B060D498190DF2656B0AE1C4D
초밥,롤|스시권|제주특별자치도 제주시 노형로 401|064-745-0079|//t1.kakaocdn.net/thumb/T800x0.q80/?fname=http%3A%2F%2Ft1.daumcdn.net%2Flocalad_thumb%2Ft%2F298b95ac9163706bce440182a6d58154bc4ff272
초밥,롤|황금손가락|제주특별자치도 제주시 1100로 2961 1층|064-746-8281|//t1.kakaocdn.net/thumb/T800x0.q80/?fname=http%3A%2F%2Ft1.daumcdn.net%2Fplace%2F7ABC49E961DE4123A6BBC44187BA17E5
일식|잇칸시타|제주특별자치도 제주시 애월읍 신엄안2길 54-1||//t1.kakaocdn.net/thumb/T800x0.q80/?fname=http%3A%2F%2Ft1.daumcdn.net%2Flocalfiy%2F65BCE16AD3AD4741BAD46892B9F94F0F,
일식|만지식당|제주특별자치도 제주시 애월읍 고내로 13-1 1층|010-9666-1812|//t1.kakaocdn.net/thumb/T800x0.q80/?fname=http%3A%2F%2Ft1.daumcdn.net%2Flocalfiy%2F06A1A518A79245639D6793639A8E1C31,
초밥,롤|스시도모다찌 칠성점|제주특별자치도 제주시 관덕로13길 3 1층|064-758-2888|//t1.kakaocdn.net/thumb/T800x0.q80/?fname=http%3A%2F%2Ft1.daumcdn.net%2Flocalfiy%2F979DAC2EF60D429FAD9BC8D0D0AC6269
일식|스시호시카이|제주특별자치도 제주시 오남로 90|064-713-8838|//t1.kakaocdn.net/thumb/T800x0.q80/?fname=http%3A%2F%2Ft1.daumcdn.net%2Fplace%2FB6AE9930D87548F595B3B0C23F4C72AF,
초밥,롤|쉐프의 스시이야기|제주특별자치도 제주시 신광로 36|064-745-7785|//t1.kakaocdn.net/thumb/T800x0.q80/?fname=http%3A%2F%2Ft1.daumcdn.net%2Fplace%2F6A9D19103BD946778D4B8287EEB156CC
돈까스,우동|호자|제주특별자치도 제주시 구좌읍 세화8길 7 1층 1호|064-784-0412|//t1.kakaocdn.net/thumb/T800x0.q80/?fname=http%3A%2F%2Ft1.daumcdn.net%2Fplace%2FF7A2675902CC48B8B55C2EF5FBFFE83E
일식집|집아페|제주특별자치도 제주시 서광로13길 3|010-8661-1746|//t1.kakaocdn.net/thumb/T800x0.q80/?fname=http%3A%2F%2Ft1.daumcdn.net%2Fplace%2F5FE849AF9BDF43F5AF1889AAA330B9FE,
돈까스,우동|요기소바 본점|제주특별자치도 제주시 원노형6길 3-4 1층|064-711-0071|//t1.kakaocdn.net/thumb/T800x0.q80/?fname=http%3A%2F%2Ft1.kakaocdn.net%2Ffiy_reboot%2Fplace%2F95742B4E48C34643997F1E0C4D76F719
돈까스,우동|우동카덴|제주특별자치도 제주시 조천읍 교래3길 23|064-784-6262|//t1.kakaocdn.net/thumb/T800x0.q80/?fname=http%3A%2F%2Ft1.kakaocdn.net%2Ffiy_reboot%2Fplace%2F7F7F4C55126845BBA370F81C05A20843
일식집|모리노아루요|제주특별자치도 제주시 애월읍 하소로 769-58|064-799-4253|//t1.kakaocdn.net/thumb/T800x0.q80/?fname=http%3A%2F%2Ft1.daumcdn.net%2Fcfile%2F2335583E5703509025,
돈까스,우동|오크라|제주특별자치도 제주시 한림읍 귀덕14길 57-2|064-747-0624|//t1.kakaocdn.net/thumb/T800x0.q80/?fname=http%3A%2F%2Ft1.kakaocdn.net%2Ffiy_reboot%2Fplace%2F6A3342EBD54A434BB836B24F161C599A
초밥,롤|황금손가락 이도점|제주특별자치도 제주시 구남동1길 44|064-723-3888|//t1.kakaocdn.net/thumb/T800x0.q80/?fname=http%3A%2F%2Ft1.daumcdn.net%2Fplace%2F98478D6A8B904859859FE8E6B1F87C21
돈까스,우동|협재수돈가스 수우동직영점|제주특별자치도 제주시 한림읍 한림로 393|064-796-7042|//t1.kakaocdn.net/thumb/T800x0.q80/?fname=http%3A%2F%2Ft1.daumcdn.net%2Flocalfiy%2F230F76B32F6041F595EDB22C4D28C243
일식집|다람쥐식탁|제주특별자치도 제주시 한림읍 명월성로 10 1층||//t1.kakaocdn.net/thumb/T800x0.q80/?fname=http%3A%2F%2Ft1.daumcdn.net%2Fplace%2F2ABB29E651F44E45B0E1EC3DC73EB89A,
초밥,롤|코하쿠|제주특별자치도 제주시 은수길 108 1층|064-748-8018|
초밥,롤|스시오하요|제주특별자치도 제주시 용담로 92|064-712-5425|//t1.kakaocdn.net/thumb/T800x0.q80/?fname=http%3A%2F%2Ft1.daumcdn.net%2Fplace%2F1D31A56895394DBAB319AABF956CA6FA
돈까스,우동|살찐고등어|제주특별자치도 제주시 구좌읍 해맞이해안로 1708 1층|064-783-9279|//t1.kakaocdn.net/thumb/T800x0.q80/?fname=http%3A%2F%2Ft1.daumcdn.net%2Flocalfiy%2F545698F3A9C5487FA8989FB29B963D7D
일본식라면|마모루|제주특별자치도 제주시 광양13길 10-1|064-722-4303|//t1.kakaocdn.net/thumb/T800x0.q80/?fname=http%3A%2F%2Ft1.daumcdn.net%2Fplace%2F1696631CC826439C988F93EE3D817174,
일식집|시월|제주특별자치도 제주시 남광로2길 21|070-7799-0777|//t1.kakaocdn.net/thumb/T800x0.q80/?fname=http%3A%2F%2Ft1.kakaocdn.net%2Ffiy_reboot%2Fplace%2FE16030CB997B463D8ED14DD0CBD0A321,
돈까스,우동|얌얌돈까스|제주특별자치도 제주시 구좌읍 구좌로 44|064-782-8865|//t1.kakaocdn.net/thumb/T800x0.q80/?fname=http%3A%2F%2Ft1.kakaocdn.net%2Ffiy_reboot%2Fplace%2FD1F87D22CB784202B441CAF2BF3A34F6
초밥,롤|스시우다|제주특별자치도 제주시 용마로 30|064-742-1588|//t1.kakaocdn.net/thumb/T800x0.q80/?fname=http%3A%2F%2Ft1.daumcdn.net%2Fplace%2FFEC34F4B47244D5DBB869457A042CB67
돈까스,우동|나라돈까스|제주특별자치도 제주시 절물1길 23|064-711-0221|//t1.kakaocdn.net/thumb/T800x0.q80/?fname=http%3A%2F%2Ft1.daumcdn.net%2Flocalfiy%2FC1365D7A13F04B77BA1495C78517726C
돈까스,우동|연월|제주특별자치도 제주시 애월읍 고하상로 102|0507-1330-6842|//t1.kakaocdn.net/thumb/T800x0.q80/?fname=http%3A%2F%2Ft1.kakaocdn.net%2Ffiy_reboot%2Fplace%2FA24C650B57B2432580C488F62D9D5272
돈까스,우동|사는맛먹는맛|제주특별자치도 제주시 애월읍 애월해안로 852 1층|064-772-3595|//t1.kakaocdn.net/thumb/T800x0.q80/?fname=http%3A%2F%2Ft1.kakaocdn.net%2Ffiy_reboot%2Fplace%2F6F0054798B7141F79DE5406630BCF580
뷔페|밀라네사|제주특별자치도 제주시 매촌2길 78 1층|064-724-1014|//t1.kakaocdn.net/thumb/T800x0.q80/?fname=http%3A%2F%2Ft1.daumcdn.net%2Flocalfiy%2FBC54C150B0734FE0830E3509D3452E64,
한식뷔페|백부장집|제주특별자치도 제주시 한림읍 한림중앙로 64|064-796-6996|//t1.kakaocdn.net/thumb/T800x0.q80/?fname=http%3A%2F%2Ft1.daumcdn.net%2Flocalad_thumb%2Ft%2F48aba413f23d3c9d57fe024445c1e2a43d04e56b,
뷔페|칠성뷔페|제주특별자치도 제주시 관덕로11길 17||//t1.kakaocdn.net/thumb/T800x0.q80/?fname=http%3A%2F%2Ft1.daumcdn.net%2Flocalfiy%2FA4AF1695C1B7462BA134E6DB2D517E86,
뷔페|메종글래드 삼다정|제주특별자치도 제주시 노연로 80 1층|064-710-8231|//t1.kakaocdn.net/thumb/T800x0.q80/?fname=http%3A%2F%2Ft1.daumcdn.net%2Fplace%2F66F690DC62F14AEBAD603AC05C7E94BC,
고기뷔페|하나니꾸|제주특별자치도 제주시 구남동2길 51|0507-1325-7729|//t1.kakaocdn.net/thumb/T800x0.q80/?fname=http%3A%2F%2Ft1.daumcdn.net%2Fplace%2FF1D44072C1A24408B644B61B244677FF,
한식뷔페|종달미소|제주특별자치도 제주시 구좌읍 종달로 60-15|064-782-1525|//t1.kakaocdn.net/thumb/T800x0.q80/?fname=http%3A%2F%2Ft1.daumcdn.net%2Flocalfiy%2FD22F3061724E4ECB97D5CCD2F2626222,
뷔페|라마다프라자제주호텔 더블루|제주특별자치도 제주시 탑동로 66 2층|064-729-8305|//t1.kakaocdn.net/thumb/T800x0.q80/?fname=http%3A%2F%2Ft1.daumcdn.net%2Fplace%2F6DC214D6AAA849CD9CE718AB36FC9398,
한식뷔페|제라진밥상|제주특별자치도 제주시 조천읍 함와로 4|064-784-8858|//t1.kakaocdn.net/thumb/T800x0.q80/?fname=http%3A%2F%2Ft1.kakaocdn.net%2Ffiy_reboot%2Fplace%2F5C83D88F427B4DB5AC6DE858012F3BCD,
한식뷔페|공항가족식당|제주특별자치도 제주시 공항로1길 9||,
해산물뷔페|크레베떼|제주특별자치도 제주시 조천읍 함덕로 28 2층|064-782-6727|//t1.kakaocdn.net/thumb/T800x0.q80/?fname=http%3A%2F%2Ft1.daumcdn.net%2Fplace%2FD603FC5E8166455D9154BC7CA028BD73,
